title,name,type,industry,founded,founders,headquarters location,accelerator program focus areas,notable alumni companies,structured data url,pitchbook url,twitter,linkedIn,facebook,instagram,youTube
Y Combinator,Y Combinator,Private,Accelerator,2005,"Paul Graham, Robert Morris, Trevor Blackwell, Jessica Livingston","San Francisco, CA, USA","Artificial Intelligence, Biotech, Climate Change, Consumer, Crypto/Blockchain, Developer Tools, Education, Energy, Enterprise, Fintech, Gaming, Hardware, Healthcare, Marketplaces, Media/Content, Real Estate, Robotics, Social Impact, Space, Travel/Transpor","Airbnb, Dropbox, Stripe, Reddit, Coinbase, Instacart, Twitch, Docker, DoorDash, GitLab, Mixpanel, Zapier, Weebly, PagerDuty, Segment, Stripe, Patreon, Ginkgo Bioworks, Flexport, Brex, OpenAI",https://www.crunchbase.com/organization/y-combinator,https://pitchbook.com/profiles/accelerator/57272-46,https://twitter.com/ycombinator,https://www.linkedin.com/company/y-combinator,https://www.facebook.com/ycombinator,https://www.instagram.com/ycombinator/,https://www.youtube.com/user/ycombinator
Techstars Anywhere Accelerator,Techstars Anywhere Accelerator,Accelerator,Technology,2017,"David Brown, David Cohen, Jared Polis",Online,Any industry,"ConnectedBike, HandUp, Twine, Hidrate",https://www.crunchbase.com/organization/techstars-anywhere-program,https://pitchbook.com/profiles/accelerator/226873-96,https://twitter.com/techstars,https://www.linkedin.com/company/techstars/,https://www.facebook.com/Techstars/,https://www.instagram.com/techstars/,https://www.youtube.com/user/techstars
Antler USA,Antler USA,"Venture Capital, Accelerator","Technology, Consumer Goods, Healthcare, Finance, Energy, and more",2017,Magnus Grimeland,Singapore,"Technology, Consumer Goods, Healthcare, Finance, Energy, and more","Ezyhaul, Coralogix, Telda, Ayazona",https://www.crunchbase.com/organization/antler-vc,https://pitchbook.com/profiles/investor/236020-10,https://twitter.com/AntlerGlobal,https://www.linkedin.com/company/antler-global/,https://www.facebook.com/AntlerGlobal/,https://www.instagram.com/antlerglobal/,https://www.youtube.com/channel/UCNLS5IeV5E5H5cLInykWZpw
500 Startups - San Francisco Accelerator,500 Startups - San Francisco Accelerator,"Venture Capital, Accelerator","Technology, Consumer Goods, Healthcare, Finance, Energy, and more",2010,Dave McClure,"San Francisco, California","Consumer Internet, Enterprise, Digital Health, Fintech, Biotech","Udemy, Talkdesk, GitLab, Canva, Intercom, Grab, Credit Karma, and more",https://www.crunchbase.com/organization/500-startups,https://pitchbook.com/profiles/investor/11431-04,https://twitter.com/500Startups,https://www.linkedin.com/company/500-startups/,https://www.facebook.com/500startups/,https://www.instagram.com/500startups/,https://www.youtube.com/user/500startups
MetLife Digital Accelerator - Techstars,MetLife Digital Accelerator - Techstars,Accelerator,"Various industries including but not limited to: healthcare, energy, finance, and more",2006,"David Cohen, Brad Feld, David Brown, Jared Polis","Boulder, Colorado","Consumer Internet, Digital Health, Fintech, Enterprise Software, and more","SendGrid, DigitalOcean, PillPack, ClassPass, Zapier, DataRobot, and more",https://www.crunchbase.com/organization/techstars,https://pitchbook.com/profiles/investor/11424-47,https://twitter.com/techstars,https://www.linkedin.com/company/techstars/,https://www.facebook.com/techstars/,https://www.instagram.com/techstars/,https://www.youtube.com/user/techstars
Techstars Austin Accelerator,Techstars Austin Accelerator,Private,Startup Accelerator,2006,"David Cohen, David Brown, Brad Feld, Jared Polis","Boulder, Colorado, United States","Internet, Software, Mobile Applications, CleanTech, Robotics, Artificial Intelligence, IoT","SendGrid, DigitalOcean, Sphero, FullContact, Parkifi, Native, Pillar Technologies",https://www.crunchbase.com/organization/techstars,https://pitchbook.com/profiles/investor/11167-37,https://twitter.com/techstars,https://www.linkedin.com/company/techstars/,https://www.facebook.com/TechstarsGlobal/,https://www.instagram.com/techstars/,https://www.youtube.com/user/techstars
Techstars Alexa Accelerator,Techstars Alexa Accelerator,Private,Accelerator,2018,Amazon and Techstars,"Seattle, Washington, United States","Voice technology, artificial intelligence, and machine learning","Picovoice, Vesper, and Apprente",https://alexa.techstars.com/,https://pitchbook.com/profiles/accelerator/107732-94,https://twitter.com/techstars,https://www.linkedin.com/company/techstars,https://www.facebook.com/Techstars/,https://www.instagram.com/techstars/,https://www.youtube.com/user/techstarsglobal
Techstars Atlanta Accelerator,Techstars Atlanta Accelerator,Private,Accelerator,2006,"David Cohen, Brad Feld, David Brown, Jared Polis","Boulder, Colorado, United States","Internet of Things, Healthcare, Retail, Fintech, AI","SendGrid, DigitalOcean, PillPack, ClassPass",https://www.crunchbase.com/organization/techstars,https://pitchbook.com/profiles/company/11277-80,https://twitter.com/techstars,https://www.linkedin.com/company/techstars,https://www.facebook.com/techstars,https://www.instagram.com/techstars/,https://www.youtube.com/user/techstars
Techstars Alabama EnergyTech Accelerator,Techstars Alabama EnergyTech Accelerator,Private,Accelerator,2006,"David Cohen, Brad Feld, David Brown, Jared Polis","Boulder, Colorado, United States","Internet of Things, Healthcare, Retail, Fintech, AI","SendGrid, DigitalOcean, PillPack, ClassPass",https://www.crunchbase.com/organization/techstars,https://pitchbook.com/profiles/company/11277-80,https://twitter.com/techstars,https://www.linkedin.com/company/techstars,https://www.facebook.com/techstars,https://www.instagram.com/techstars/,https://www.youtube.com/user/techstars
Techstars Allied Space Accelerator,Techstars Allied Space Accelerator,Private,Accelerator,2006,"David Cohen, Brad Feld, David Brown, Jared Polis","Boulder, Colorado, United States","Internet of Things, Healthcare, Retail, Fintech, AI","SendGrid, DigitalOcean, PillPack, ClassPass",https://www.crunchbase.com/organization/techstars,https://pitchbook.com/profiles/company/11277-80,https://twitter.com/techstars,https://www.linkedin.com/company/techstars,https://www.facebook.com/techstars,https://www.instagram.com/techstars/,https://www.youtube.com/user/techstars
Techstars Farm to Fork Accelerator,Techstars Farm to Fork Accelerator,Private,Accelerator,2006,"David Cohen, Brad Feld, David Brown, Jared Polis","Boulder, Colorado, United States","Internet of Things, Healthcare, Retail, Fintech, AI","SendGrid, DigitalOcean, PillPack, ClassPass",https://www.crunchbase.com/organization/techstars,https://pitchbook.com/profiles/company/11277-80,https://twitter.com/techstars,https://www.linkedin.com/company/techstars,https://www.facebook.com/techstars,https://www.instagram.com/techstars/,https://www.youtube.com/user/techstars
Techstars Oakland by JP Morgan,Techstars Oakland by JP Morgan,Private,Accelerator,2006,"David Cohen, Brad Feld, David Brown, Jared Polis","Boulder, Colorado, United States","Internet of Things, Healthcare, Retail, Fintech, AI","SendGrid, DigitalOcean, PillPack, ClassPass",https://www.crunchbase.com/organization/techstars,https://pitchbook.com/profiles/company/11277-80,https://twitter.com/techstars,https://www.linkedin.com/company/techstars,https://www.facebook.com/techstars,https://www.instagram.com/techstars/,https://www.youtube.com/user/techstars
Techstars Kansas City Accelerator,Techstars Kansas City Accelerator,Accelerator Program,Technology,2016,"David Brown, Brad Feld, Jared Polis, and David Cohen","Kansas City, Missouri, United States","Agriculture, Data, Energy, Health, and Smart Cities","Bungii, Innovein, Integrated Roadways, Sickweather, VideoFizz, and Zohr",https://www.techstars.com/kansas-city-program/,https://pitchbook.com/profiles/accelerator/106853-72,https://twitter.com/techstarskc,https://www.linkedin.com/company/techstars-kansas-city-program/,https://www.facebook.com/TechstarsKC/,https://www.instagram.com/techstarskc/,https://www.youtube.com/channel/UC63zRwRvMCkt6bHl1CDdM5
Techstars Future of Longevity Accelerator,Techstars Future of Longevity Accelerator,Accelerator Program,"Healthcare, Aging",2019,"David Cohen, Cody Simms, and Amos Schwartzfarb","Denver, Colorado, United States","Aging in place, Caregiving, Behavioral and mental health, and End-of-life","Agetech, Cariloop, eCaring, Family Proud, HomeHero, and PillPack",https://www.techstars.com/programs/longevity-program/,https://pitchbook.com/profiles/accelerator/250754-67,https://twitter.com/TechstarsLVA,https://www.linkedin.com/company/techstars-longevity-accelerator-program/,https://www.facebook.com/TechstarsLVA/,https://www.instagram.com/techstarslongevity/,https://www.youtube.com/channel/UCkGMrDNLgJFG_zSvHzCsXXA
Techstars Los Angeles Accelerator,Techstars Los Angeles Accelerator,Accelerator Program,Various,2016,"David Cohen, Brad Feld","Los Angeles, California","Entertainment, media, and consumer products","Happy Returns, AudioHopper, Vntana, Gem, and more",https://www.crunchbase.com/organization/techstars-la,https://pitchbook.com/profiles/accelerator/57195-02,https://twitter.com/TechstarsLA,https://www.linkedin.com/company/techstars-los-angeles/,https://www.facebook.com/Techstars-Los-Angeles-1721640648055995,https://www.instagram.com/techstarsla/,https://www.youtube.com/channel/UCqlaZu-KwLk0CZSS0zHK_uA
Techstars New York City Accelerator,Techstars New York City Accelerator,Accelerator Program,Various,2010,"David Cohen, Brad Feld","New York City, New York","Fintech, enterprise software, artificial intelligence, more","DigitalOcean, ClassPass, Plated, and more",https://www.crunchbase.com/organization/techstars-new-york,https://pitchbook.com/profiles/accelerator/57195-19,https://twitter.com/TechstarsNYC,https://www.linkedin.com/company/techstars-nyc-accelerator/,https://www.facebook.com/TechstarsNYC/,https://www.instagram.com/techstarsnyc/,https://www.youtube.com/channel/UCoLlGrtJcVbBX1UCuY7VjKg
Techstars Physical Health Fort Worth Accelerator,Techstars Physical Health Fort Worth Accelerator,Private Company,Startup Accelerator,2006,"David Brown, David Cohen, Brad Feld, Jared Polis","Boulder, Colorado, United States","Physical Health, Fort Worth","SendGrid, DigitalOcean, Sphero, ClassPass",https://www.crunchbase.com/organization/techstars,https://pitchbook.com/profiles/investor/10131-05,https://twitter.com/techstars,https://www.linkedin.com/company/techstars/,https://www.facebook.com/techstars,https://www.instagram.com/techstars/,https://www.youtube.com/user/techstarsglobal
PlugAndPlay - Brand and Retail Accelerator,PlugAndPlay - Brand and Retail Accelerator,Private,Retail Technology,2006,"Saeed Amidi, Rahim Amidi","Sunnyvale, California, United States","Omni-Channel Commerce ,Supply Chain & Logistics, Last Mile Delivery, In-store Experience","Honey , RetailNext, Shelfbucks, Quri",https://www.crunchbase.com/organization/plug-and-play-tech-center-retail-accelerator-program,https://pitchbook.com/profiles/prodView/430452-85,https://twitter.com/plugandplaytc,https://www.linkedin.com/company/plug-and-play-tech-center/,https://www.facebook.com/plugandplaytechcenter/,https://www.instagram.com/plugandplaytech/,https://www.youtube.com/user/PlugandPlayTC
Techstars Sports Accelerator by Indy,Techstars Sports Accelerator by Indy,Accelerator,Sports Technology,2018,"David Cohen, Brad Feld, David Brown, and Jared Polis","Boulder, Colorado, United States","Sports technology, Media, and Entertainment","Recoup Fitness, PlanetiQ, TopSpin Technologies, Refinery Lab, and 14 others",https://www.crunchbase.com/organization/techstars-sports-accelerator,https://pitchbook.com/profiles/accelerator/238196-53,https://twitter.com/techstars,https://www.linkedin.com/company/techstars-sports-accelerator/,https://www.facebook.com/Techstars/,https://www.instagram.com/techstars/,https://www.youtube.com/user/techstars
Techstars Washington DC by JP Morgan,Techstars Washington DC by JP Morgan,Accelerator,Technology,2006,"David Cohen, Brad Feld, David Brown, and Jared Polis","Boulder, Colorado, United States","Financial Services, Fintech, Blockchain, AI, ML, Cybersecurity, and Enterprise Software","DigitalOcean, SendGrid, Sphero, ClassPass, PillPack, Localytics, and Contently",https://www.crunchbase.com/organization/techstars,https://pitchbook.com/profiles/accelerator/55828-38,https://twitter.com/techstars,https://www.linkedin.com/company/techstars/,https://www.facebook.com/Techstars/,https://www.instagram.com/techstars/,https://www.youtube.com/user/techstars
PlugAndPlay - FinTech Accelerator,PlugAndPlay - FinTech Accelerator,Accelerator,Fintech,2006,Saeed Amidi,"Sunnyvale, California, United States","Fintech, Insurtech, Regtech, Payments, Wealth management, and more","Honeyfi, Hippo, Acorns, PolicyGenius, LendUp, and more",https://www.crunchbase.com/organization/plug-and-play-tech-center,https://pitchbook.com/profiles/accelerator/10762-24,https://twitter.com/plugandplaytc,https://www.linkedin.com/company/plug-and-play-tech-center/,https://www.facebook.com/PlugandPlayTC/,https://www.instagram.com/plugandplaytechcenter/,https://www.youtube.com/user/PlugandPlayTechCenter
Techstars Starburst Space Accelerator,Techstars Starburst Space Accelerator,Accelerator Program,"Aerospace, Space",2019,"Van Espahbodi, Francois Chopard, Robert M. Manning, John Serafini","Los Angeles, California, United States","Aerospace, Space","Morpheus Space, Capella Space, Space Perspective, and more",https://www.crunchbase.com/organization/techstars-starburst-space-program,https://pitchbook.com/profiles/accelerator/227274-38,https://twitter.com/starburstxp,https://www.linkedin.com/company/starburst-accelerator/,https://www.facebook.com/Starburst-Accelerator-1666175360262364/,https://www.instagram.com/starburst_accelerator/,https://www.youtube.com/channel/UC2x7d6s3Y1y3jJirF2QbDuw
PlugAndPlay - Food and Beverage Accelerator,PlugAndPlay - Food and Beverage Accelerator,Accelerator,Multiple Industries,2006,Saeed Amidi,"Sunnyvale, California, United States","Internet of Things, Mobility, Fintech, Health","Dropbox, Lending Club, SoundHound",https://www.crunchbase.com/organization/plug-and-play-tech-center,https://pitchbook.com/profiles/investor/10063-20,https://twitter.com/plugandplaytc,https://www.linkedin.com/company/plug-and-play-tech-center,https://www.facebook.com/PlugandPlayTC/,https://www.instagram.com/plugandplaytechcenter/,https://www.youtube.com/user/PlugandPlayTechCtr
The Roux Institute Techstars Accelerator,The Roux Institute Techstars Accelerator,Accelerator,Multiple Industries,2006,"David Cohen, Brad Feld, David Brown, Jared Polis","Boulder, Colorado, United States","Health, Cities of the Future, Music, Retail, Sustainability, Transportation","SendGrid, DigitalOcean, PillPack",https://www.crunchbase.com/organization/techstars,https://pitchbook.com/profiles/investor/43099-49,https://twitter.com/techstars,https://www.linkedin.com/company/techstars/,https://www.facebook.com/Techstars/,https://www.instagram.com/techstars/,https://www.youtube.com/user/techstars
PlugAndPlay - Health Accelerator,PlugAndPlay - Health Accelerator,Accelerator,Health,2006,Saeed Amidi,"Sunnyvale, California, United States",Health,"Hims, Tempus, DocuSign",https://www.crunchbase.com/organization/plug-and-play-tech-center,https://pitchbook.com/profiles/investor/10063-20,https://twitter.com/plugandplayhc,https://www.linkedin.com/company/plug-and-play-health/,https://www.facebook.com/PlugandPlayTC/,https://www.instagram.com/plugandplayhealth/,https://www.youtube.com/user/PlugandPlayTechCtr
PlugAndPlay - Insurtech Accelerator,PlugAndPlay - Insurtech Accelerator,Private,Insurtech,2006,Saeed Amidi,"Sunnyvale, California, United States",Insurtech,"Hippo Insurance, Metromile, PolicyGenius, Root Insurance",https://www.plugandplaytechcenter.com/insurtech/,https://pitchbook.com/profiles/accelerator/10969-29,https://twitter.com/PnPTech,https://www.linkedin.com/company/plugandplaytechcenter/,https://www.facebook.com/pnptc/,https://www.instagram.com/pnptech/,https://www.youtube.com/user/PlugandPlayTC
PlugAndPlay - Travel and Hospitality,PlugAndPlay - Travel and Hospitality,Private,Travel and hospitality,2006,Saeed Amidi,"Sunnyvale, California, United States",Travel and hospitality,"AirBnB, Lyft, Turo, GetYourGuide",https://www.plugandplaytechcenter.com/travel/,https://pitchbook.com/profiles/accelerator/10969-62,https://twitter.com/PnPTech,https://www.linkedin.com/company/plugandplaytechcenter/,https://www.facebook.com/pnptc/,https://www.instagram.com/pnptech/,https://www.youtube.com/user/PlugandPlayTC
PlugAndPlay - Supply Chain Accelerator,PlugAndPlay - Supply Chain Accelerator,Private,Supply chain and logistics,2006,Saeed Amidi,"Sunnyvale, California, United States",Supply chain and logistics,"KeepTruckin, Locus Robotics, Shipwell, Turvo",http://www.plugandplaytechcenter.com/supply-chain/,https://pitchbook.com/profiles/accelerator/10969-46,https://twitter.com/PnPTech,https://www.linkedin.com/company/plugandplaytechcenter/,https://www.facebook.com/pnptc/,https://www.instagram.com/pnptech/,https://www.youtube.com/user/PlugandPlayTC
PlugAndPlay - Real Estate and Construction,PlugAndPlay - Real Estate and Construction,Private,Real estate and construction,2006,Saeed Amidi,"Sunnyvale, California, United States",Real estate and construction,"Opendoor, Matterport, Casai, Notarize",http://www.plugandplaytechcenter.com/real-estate-tech/,https://pitchbook.com/profiles/accelerator/10969-26,https://twitter.com/PnPTech,https://www.linkedin.com/company/plugandplaytechcenter/,https://www.facebook.com/pnptc/,https://www.instagram.com/pnptech/,https://www.youtube.com/user/PlugandPlayTC
Startupbootcamp,Startupbootcamp,Accelerator,Multi-industry,2010,"Alex Farcet, Carsten Kolbek, Ruud Hendriks","London, United Kingdom","Smart City & Living, Fintech, Health","30MHz, Fliit, Capte, Hedia",https://www.crunchbase.com/organization/startupbootcamp,https://pitchbook.com/profiles/accelerator/52312-07,https://twitter.com/sbcaccelerator,https://www.linkedin.com/company/startupbootcamp/,https://www.facebook.com/startupbootcamp/,https://www.instagram.com/startupbootcamp/,https://www.youtube.com/user/StartupbootcampHQ
PlugAndPlay - Internet of Things Accelerator,PlugAndPlay - Internet of Things Accelerator,Accelerator,Internet of Things (IoT),2006,Saeed Amidi,"Sunnyvale, California, United States",Internet of Things (IoT),"Dropbox, PayPal, SoundHound, Lending Club",https://www.crunchbase.com/organization/plug-and-play-tech-center,https://pitchbook.com/profiles/accelerator/4241-92,https://twitter.com/PnP_IoT,https://www.linkedin.com/company/plug-and-play-tech-center/,https://www.facebook.com/PlugandPlayTC/,https://www.instagram.com/pnp_iot/,https://www.youtube.com/user/PlugandPlayTC
Fast Track to Scale Accelerator,Fast Track to Scale Accelerator,Private,Accelerator,2010,"John Harthorne, Akarsh Sanghi","Boston, MA, USA","Aerospace and Defense, Agriculture and Food, Blockchain, Clean Energy, Consumer Goods and Services, Cybersecurity and Data, Education, Energy and Natural Resources, Fashion and Beauty, Financial Services, Healthcare and Life Sciences, Hospitality and Travel, Impact, Manufacturing and Materials, Media and Entertainment, Real Estate and Construction, Retail and E-commerce, Robotics and Hardware, Social Impact, Sports and Fitness, Transportation and Logistics","RapidSOS, Cobalt Robotics, EverTrue, Klymit, Vention, Crayon, Sandboxx, Localytics, Forkable, Ecovent",https://www.crunchbase.com/organization/masschallenge,https://pitchbook.com/profiles/accelerator/60324-68,https://twitter.com/MassChallenge,https://www.linkedin.com/company/masschallenge-inc-/,https://www.facebook.com/MassChallenge,https://www.instagram.com/masschallenge/,https://www.youtube.com/user/masschallenge
Startupbootcamp - FinTech Mumbai Accelerator,Startupbootcamp - FinTech Mumbai Accelerator,Accelerator,Financial technology (Fintech),2015,N/A,"Mumbai, India",Fintech,N/A,https://www.crunchbase.com/organization/startupbootcamp-fintech-mumbai,https://pitchbook.com/profiles/accelerator/226996-76,https://twitter.com/SBCFinTech,https://www.linkedin.com/company/startupbootcamp-fintech-mumbai/,https://www.facebook.com/Startupbootcamp-Fintech-Mumbai-683342728486685/,https://www.instagram.com/sbcfintech/,https://www.youtube.com/channel/UCNPKJrnMfL-8Nvzxn1rln5g
MassChallenge - FinTech Accelerator,MassChallenge - FinTech Accelerator,Private,Accelerator,2010,"John Harthorne, Akarsh Sanghi","Boston, MA, USA","Aerospace and Defense, Agriculture and Food, Blockchain, Clean Energy, Consumer Goods and Services, Cybersecurity and Data, Education, Energy and Natural Resources, Fashion and Beauty, Financial Services, Healthcare and Life Sciences, Hospitality and Travel, Impact, Manufacturing and Materials, Media and Entertainment, Real Estate and Construction, Retail and E-commerce, Robotics and Hardware, Social Impact, Sports and Fitness, Transportation and Logistics","RapidSOS, Cobalt Robotics, EverTrue, Klymit, Vention, Crayon, Sandboxx, Localytics, Forkable, Ecovent",https://www.crunchbase.com/organization/masschallenge,https://pitchbook.com/profiles/accelerator/60324-68,https://twitter.com/MassChallenge,https://www.linkedin.com/company/masschallenge-inc-/,https://www.facebook.com/MassChallenge,https://www.instagram.com/masschallenge/,https://www.youtube.com/user/masschallenge
MassChallenge - Boston Accelerator,MassChallenge - Boston Accelerator,Accelerator,Multi-industry,2010,John Harthorne,"Boston, Massachusetts, United States",General,"Curology, Hopper, Owl Labs, Turo",https://www.crunchbase.com/organization/masschallenge,https://pitchbook.com/profiles/accelerator/11168-63,https://twitter.com/MassChallenge,https://www.linkedin.com/company/masschallenge-inc/,https://www.facebook.com/MassChallenge/,https://www.instagram.com/masschallenge/,https://www.youtube.com/user/masschallenge/
MassChallenge - HealthTech Accelerator,MassChallenge - HealthTech Accelerator,Private,Accelerator,2010,"John Harthorne, Akarsh Sanghi","Boston, MA, USA","Aerospace and Defense, Agriculture and Food, Blockchain, Clean Energy, Consumer Goods and Services, Cybersecurity and Data, Education, Energy and Natural Resources, Fashion and Beauty, Financial Services, Healthcare and Life Sciences, Hospitality and Travel, Impact, Manufacturing and Materials, Media and Entertainment, Real Estate and Construction, Retail and E-commerce, Robotics and Hardware, Social Impact, Sports and Fitness, Transportation and Logistics","RapidSOS, Cobalt Robotics, EverTrue, Klymit, Vention, Crayon, Sandboxx, Localytics, Forkable, Ecovent",https://www.crunchbase.com/organization/masschallenge,https://pitchbook.com/profiles/accelerator/60324-68,https://twitter.com/MassChallenge,https://www.linkedin.com/company/masschallenge-inc-/,https://www.facebook.com/MassChallenge,https://www.instagram.com/masschallenge/,https://www.youtube.com/user/masschallenge
SOSV - The Accelerator VC,SOSV - The Accelerator VC,Venture capital firm and accelerator,"Biotech, hardware, software, and food",1994,Sean O'Sullivan,"New York, NY and Cork, Ireland","HAX (hardware and robotics), IndieBio (biotech),","Memphis Meats, Clara Foods, and BitMEX",https://www.crunchbase.com/organization/sosv,https://pitchbook.com/profiles/investor/10764-54,https://twitter.com/sosv,https://www.linkedin.com/company/sosv,https://www.facebook.com/sosventures,https://www.instagram.com/sosv_vc/,https://www.youtube.com/channel/UCngYXe3G3-3hOVR4vS8UkWw
MassChallenge - Texas Accelerator in Houston,MassChallenge - Texas Accelerator in Houston,Private,Accelerator,2010,"John Harthorne, Akarsh Sanghi","Boston, MA, USA","Aerospace and Defense, Agriculture and Food, Blockchain, Clean Energy, Consumer Goods and Services, Cybersecurity and Data, Education, Energy and Natural Resources, Fashion and Beauty, Financial Services, Healthcare and Life Sciences, Hospitality and Travel, Impact, Manufacturing and Materials, Media and Entertainment, Real Estate and Construction, Retail and E-commerce, Robotics and Hardware, Social Impact, Sports and Fitness, Transportation and Logistics","RapidSOS, Cobalt Robotics, EverTrue, Klymit, Vention, Crayon, Sandboxx, Localytics, Forkable, Ecovent",https://www.crunchbase.com/organization/masschallenge,https://pitchbook.com/profiles/accelerator/60324-68,https://twitter.com/MassChallenge,https://www.linkedin.com/company/masschallenge-inc-/,https://www.facebook.com/MassChallenge,https://www.instagram.com/masschallenge/,https://www.youtube.com/user/masschallenge
MassChallenge - Rhode Island Accelerator,MassChallenge - Rhode Island Accelerator,Private,Accelerator,2010,"John Harthorne, Akarsh Sanghi","Boston, MA, USA","Aerospace and Defense, Agriculture and Food, Blockchain, Clean Energy, Consumer Goods and Services, Cybersecurity and Data, Education, Energy and Natural Resources, Fashion and Beauty, Financial Services, Healthcare and Life Sciences, Hospitality and Travel, Impact, Manufacturing and Materials, Media and Entertainment, Real Estate and Construction, Retail and E-commerce, Robotics and Hardware, Social Impact, Sports and Fitness, Transportation and Logistics","RapidSOS, Cobalt Robotics, EverTrue, Klymit, Vention, Crayon, Sandboxx, Localytics, Forkable, Ecovent",https://www.crunchbase.com/organization/masschallenge,https://pitchbook.com/profiles/accelerator/60324-68,https://twitter.com/MassChallenge,https://www.linkedin.com/company/masschallenge-inc-/,https://www.facebook.com/MassChallenge,https://www.instagram.com/masschallenge/,https://www.youtube.com/user/masschallenge
IndieBio Accelerator - SOSV,IndieBio Accelerator - SOSV,Accelerator,Biotech and life sciences,2014,"Arvind Gupta, Ryan Bethencourt, and Ron Shigeta","San Francisco, CA",Biotech,"Memphis Meats, Synthex, and Catalog",https://www.crunchbase.com/organization/indiebio,https://pitchbook.com/profiles/accelerator/107020-67,https://twitter.com/indbio,https://www.linkedin.com/company/indiebio,https://www.facebook.com/indiebio,https://www.instagram.com/indiebioaccelerator/,https://www.youtube.com/channel/UCvKhXlW5FmaQ2iSM0d-YrzA
MassChallenge - Texas Accelerator in Austin,MassChallenge - Texas Accelerator in Austin,Private,Accelerator,2010,"John Harthorne, Akarsh Sanghi","Boston, MA, USA","Aerospace and Defense, Agriculture and Food, Blockchain, Clean Energy, Consumer Goods and Services, Cybersecurity and Data, Education, Energy and Natural Resources, Fashion and Beauty, Financial Services, Healthcare and Life Sciences, Hospitality and Travel, Impact, Manufacturing and Materials, Media and Entertainment, Real Estate and Construction, Retail and E-commerce, Robotics and Hardware, Social Impact, Sports and Fitness, Transportation and Logistics","RapidSOS, Cobalt Robotics, EverTrue, Klymit, Vention, Crayon, Sandboxx, Localytics, Forkable, Ecovent",https://www.crunchbase.com/organization/masschallenge,https://pitchbook.com/profiles/accelerator/60324-68,https://twitter.com/MassChallenge,https://www.linkedin.com/company/masschallenge-inc-/,https://www.facebook.com/MassChallenge,https://www.instagram.com/masschallenge/,https://www.youtube.com/user/masschallenge
Forum Ventures,Forum Ventures,Venture capital firm and accelerator,Technology,2016,TBD,"San Francisco, CA",TBD,TBD,https://www.crunchbase.com/organization/forum-ventures,https://pitchbook.com/profiles/investor/249556-63,TBD,https://www.linkedin.com/company/forum-ventures,TBD,TBD,TBD
Rock Health,Rock Health,Venture capital firm and seed accelerator,Digital health,2010,Halle Tecco and Nate Gross,"San Francisco, CA",Seed-stage digital health startups,"One Medical, Collective Health, and Virta Health",https://www.crunchbase.com/organization/rock-health,https://pitchbook.com/profiles/investor/54739-46,https://twitter.com/rockhealth,https://www.linkedin.com/company/rock-health,https://www.facebook.com/RockHealth,https://www.instagram.com/rockhealth/,https://www.youtube.com/user/rockhealth
Entrepreneurs Roundtable Accelerator,Entrepreneurs Roundtable Accelerator,Accelerator,Various,2011,Murat Aktihanoglu,"New York, NY",Various,"Vengo, Pinks and Greens, Enertiv, PlateJoy",https://www.crunchbase.com/organization/entrepreneurs-roundtable-accelerator,https://pitchbook.com/profiles/accelerator/57829-50,https://twitter.com/eranyc,https://www.linkedin.com/company/entrepreneurs-roundtable-accelerator/,https://www.facebook.com/EntrepreneursRoundtableAccelerator/,https://www.instagram.com/eranyc/,https://www.youtube.com/channel/
HAX Venture Capital,HAX Venture Capital,Accelerator,Hardware,2011,Sean O'Sullivan,"San Francisco, CA","Hardware, Robotics, IoT","H+ Technology, KULR Technology, Makeblock, Rokid",https://www.crunchbase.com/organization/hax-accelerator,https://pitchbook.com/profiles/accelerator/57829-84,https://twitter.com/hax_co,https://www.linkedin.com/company/hax/,https://www.facebook.com/haxaccelerator/,https://www.instagram.com/hax_co/,0
SixThirty,SixThirty,Accelerator,FinTech,2014,Brian Matthews,"St. Louis, MO",FinTech,"Appcues, Aspiration, Dave, Dwolla",https://www.crunchbase.com/organization/630-st-louis,https://pitchbook.com/profiles/accelerator/184292-92,https://twitter.com/630stl,https://www.linkedin.com/company/630-st-louis/,https://www.facebook.com/630stl/,https://www.instagram.com/630stl/,0
Urban-X Accelerator,Urban-X Accelerator,Accelerator,Urban Tech,2016,Micah Kotch,"Brooklyn, NY",Urban Tech,"BlocPower, Radiator Labs, Industrial/Organic, Comfy",https://www.crunchbase.com/organization/urban-x,https://pitchbook.com/profiles/accelerator/209536-37,https://twitter.com/urbanxaccel,https://www.linkedin.com/company/urban-x-accelerator/,https://www.facebook.com/UrbanXaccel/,https://www.instagram.com/urbanxaccel/,0
NextView Ventures Everyday Economy Accelerator,NextView Ventures Everyday Economy Accelerator,Accelerator,Everyday Economy,2015,"Lee Hower, David Beisel","Boston, MA",Everyday Economy,"Acorns, Dia&Co, Letgo, ThredUp",https://www.crunchbase.com/organization/nextview-ventures,https://pitchbook.com/profiles/accelerator/57829-40,https://twitter.com/nextviewvc,https://www.linkedin.com/company/nextview-ventures/,https://www.facebook.com/nextviewventures/,https://www.instagram.com/nextviewvc/,0
NextView Ventures,NextView Ventures,Venture Capital,Investment,2010,"Lee Hower, David Beisel, Rob Go","Boston, Massachusetts, United States",Seed stage technology startups,"Plastiq, Hopper, Careport Health",https://www.crunchbase.com/organization/nextview-ventures,https://pitchbook.com/profiles/investor/11950-32#overview,https://twitter.com/nextviewvc,https://www.linkedin.com/company/nextview-ventures/,https://www.facebook.com/NextViewVentures/,https://www.instagram.com/nextviewventures/,https://www.youtube.com/channel/UCZOySknAQQgDfS1xhSkOvHg
NfX,NfX,Venture capital,"Finance, Technology",2015,"James Currier, Pete Flint, Gigi Levy-Weiss","San Francisco, California, United States","Consumer Internet, Marketplaces, Network Effects","DoorDash, Honeybook, Pendo, Placer.ai, PlayVS",https://www.crunchbase.com/organization/nfx,https://pitchbook.com/profiles/investor/180920-52,https://twitter.com/nfxguild,https://www.linkedin.com/company/nfx/,https://www.facebook.com/nfxguild/,https://www.instagram.com/nfx/,https://www.youtube.com/channel/UCULhmZWe-1ju2zKCHJXOy8g
UpWest Labs,UpWest Labs,Venture Capital,General,2012,"Gil Ben-Artzy, Shuly Galili, Fred Wang","Palo Alto, California, United States",-,"FloQast, HoneyBook, Human Interest",https://upwest.vc,https://pitchbook.com/profiles/investor/55858-43,https://twitter.com/upwestlabs,https://www.linkedin.com/company/upwest-labs,https://www.facebook.com/UpWestLabs,https://www.instagram.com/upwestlabs/,https://www.youtube.com/user/UpWestLabs
AngelPad,AngelPad,Private,Startup accelerator,2010,Thomas Korte and Carine Magescas,"San Francisco, California, United States","Technology, internet, healthcare, mobile, and more","Postmates, Buffer, Munchery, Periscope, and many more",https://www.crunchbase.com/organization/angelpad,https://pitchbook.com/profiles/investor/10813-58#overview,https://twitter.com/angelpad,https://www.linkedin.com/company/angelpad/,https://www.facebook.com/AngelPadCo,https://www.instagram.com/angelpad/,https://www.youtube.com/user/AngelPadCo
Hustle Fund,Hustle Fund,Venture Capital,General,2017,"Elizabeth Yin, Eric Bahn","San Francisco, California, United States","Pre-seed, Seed","Finmark, Roadster",https://www.hustlefund.vc,https://pitchbook.com/profiles/investor/225267-14,https://twitter.com/HustleFundVC,https://www.linkedin.com/company/hustle-fund,https://www.facebook.com/HustleFundVC,https://www.instagram.com/hustlefundvc/,https://www.youtube.com/channel/UC9SSvH7CjKfjRJ-gW8KYv6Q
Boost VC Accelerator,Boost VC Accelerator,Venture Capital,General,2010,Adam Draper,"San Francisco, California, United States","Pre-seed, Seed","Coinbase, Plangrid",https://www.boost.vc,https://pitchbook.com/profiles/investor/57238-25,https://twitter.com/BoostVC,https://www.linkedin.com/company/boostvc,https://www.facebook.com/boostvc,https://www.instagram.com/boost_vc/,https://www.youtube.com/channel/UCOa8Iz6JkPZfDUjK_YbGsVw
XRC Labs,XRC Labs,Private,Retail technology,2018,"Pano Anthos, Kurt Collins, and Anthony Gustinis","New York, NY, United States","Retail technology, consumer goods, e-commerce, supply chain, omnichannel commerce","7 Chord, Birch Finance, Fashion Metric, Haste & Hustle, Lily, Memomi, Myagi, Perksy, Salesfloor, Shoppable, Smartzer, The Yes",https://www.crunchbase.com/organization/xrclabs,https://pitchbook.com/profiles/investor/234210-51,https://twitter.com/xrclabs,https://www.linkedin.com/company/xrclabs,https://www.facebook.com/xrclabs/,https://www.instagram.com/xrclabs/,https://www.youtube.com/channel/UCwM_Y68aLB1LJpvXOYvRsFg
AF Ventures,AF Ventures,Venture Capital,General,2018,"Timothy Junio, Christopher Moran, Brett Bohl","Alexandria, Virginia, United States","National Security, Defense, Government","Immersive Wisdom, Shield AI",http://www.afventures.vc,https://pitchbook.com/profiles/investor/448188-67,https://twitter.com/afventures,https://www.linkedin.com/company/af-ventures,https://www.facebook.com/afventures,https://www.instagram.com/afventures/,-
Food-X Accelerator,Food-X Accelerator,Accelerator,Food,2014,"Peter Bodenheimer, Andrew D. Ive","New York City, New York, United States",Food,"Afresh Technologies, Goodr, Maven Machines",https://food-x.com,https://pitchbook.com/profiles/accelerator/125891-73,https://twitter.com/foodxhealth,https://www.linkedin.com/company/food-x/,https://www.facebook.com/FoodXHealth/,https://www.instagram.com/foodxhealth/,-
Dcode,Dcode,Private Company,Information Technology,2017,Meagan Metzger,"Washington, D.C.",Emerging technology and modernizing government,"Novetta, Ad Hoc, ScaleUp",https://www.crunchbase.com/organization/dcode-inc-2,https://pitchbook.com/profiles/company/230117-35,https://twitter.com/dcodehq,https://www.linkedin.com/company/dcodehq/,https://www.facebook.com/dcodehq/,https://www.instagram.com/dcodehq/,https://www.youtube.com/channel/UC6UZVB6U0g0MBCJhYF_KW8g
Berkeley Skydeck,Berkeley Skydeck,Accelerator,Various Industries,2012,Caroline Winnett,"Berkeley, California",All stages and industries,"LimeBike, Kiwi Campus",https://www.crunchbase.com/organization/skydeck-berkeley,https://pitchbook.com/profiles/investor/114356-76,https://twitter.com/UCBerkeleySkyDeck,https://www.linkedin.com/company/skydeckberkeley/,https://www.facebook.com/skydeckberkeley/,https://www.instagram.com/skydeckberkeley/,https://www.youtube.com/channel/UCV7kjRh-MTlTz7sO3IZJL0w
EvoNexus Silicon Valley FinTech Incubator,EvoNexus Silicon Valley FinTech Incubator,Accelerator,Fintech,2016,Rory Moore,"Santa Clara, California",Fintech,N/A,https://www.crunchbase.com/organization/evonexus-silicon-valley-incubator,https://pitchbook.com/profiles/accelerator/10568-05,https://twitter.com/evonexus,https://www.linkedin.com/company/evonexus/,https://www.facebook.com/evonexus/,https://www.instagram.com/evonexus_silicon_valley/,https://www.youtube.com/channel/UCvzZtkXk4jqQn5CK5B5CjKw
Mergelane,Mergelane,Venture Fund,Venture Capital,2014,"Sue Heilbronner, Betsy","Boulder, Colorado",Women-led startups,"Havenly, Artifact Uproot",https://www.crunchbase.com/organization/mergelane,https://pitchbook.com/profiles/investor/120308-20,https://twitter.com/mergelane,https://www.linkedin.com/company/mergelane/,https://www.facebook.com/mergelanevc/,https://www.instagram.com/mergelanevc/,https://www.youtube.com/channel/UCefVJgZzTQ8V7DWchRBLJtg
Cedars-Sinai Accelerator,Cedars-Sinai Accelerator,Accelerator,Tech,2017,NA,"Boston, MA","AI, VR, AR, Robotics, IoT, Cybersecurity",NA,NA,NA,NA,https://www.linkedin.com/company/c...,NA,NA,NA
efactory Business Accelerator Program,efactory Business Accelerator Program,Accelerator,Tech,2018,Missouri State University,"Springfield, MO",Tech & Science,NA,NA,NA,NA,https://www.linkedin.com/company/e...,https://www.facebook.com/eFactor...,NA,https://www.youtube.com/channel/...
Blue Startups,Blue Startups,Accelerator,Tech,2012,Henk Rogers,"Honolulu, HI",Tech,Smart Yields,NA,https://pitchbook.com/profiles/c...,https://twitter.com/BlueStartups,https://www.linkedin.com/company/...,https://www.facebook.com/bluestar...,https://www.instagram.com/bluesta...,https://www.youtube.com/channel/U…
Launchpad LA,Launchpad LA,Accelerator,Technology,2014,"Sam Teller, Zach Ware","Los Angeles, California, United States","Consumer internet, mobile, gaming, digital media, e-commerce","Pluto TV, Honey, PlayVS, Muzik",https://www.crunchbase.com/organization/launchpad-la,https://pitchbook.com/profiles/accelerator/118331-08,https://twitter.com/LaunchpadLA,https://www.linkedin.com/company/launchpad-la/,https://www.facebook.com/launchpad.la/,https://www.instagram.com/launchpad.la/,https://www.youtube.com/channel/UC7nM2vC8X7V5xnvx5GdVQ2w
ViveX VR Accelerator,ViveX VR Accelerator,Accelerator,Tech,2016,HTC Corporation,"San Francisco, CA",AR/VR,Surgical Theatre,NA,NA,https://twitter.com/vivexglobal,https://www.linkedin.com/company/...,https://www.facebook.com/vivexglob...,https://www.instagram.com/vivexgl...,NA
StartFast,StartFast,Accelerator,Tech,2011,Chuck Stormon,"Syracuse, NY",Tech,Dropsource,NA,https://pitchbook.com/profiles/c...,https://twitter.com/startfastvc,https://www.linkedin.com/company/s...,https://www.facebook.com/startfas...,https://www.instagram.com/startfa...,NA
Quake New York,Quake New York,Private,"Accelerator, Venture Capital",2016,"Glenn Argenbright, John Ruffolo","New York, NY, USA","Artificial Intelligence, Autonomous Vehicles, Blockchain, Cannabis, Cloud Computing, Consumer Products, Cybersecurity, Data Analytics, Education, Enterprise Software, Healthtech, IoT, Machine Learning, Robotics, SaaS, Smart Cities, Sports and Media","Popwallet, Dandelion Energy, Kindbody, Precision Hawk, FairFleet, Pienso, Apptronik, Virgil Security, Petal, Nvstr, Shine",https://www.crunchbase.com/organization/quake-capital,https://pitchbook.com/profiles/investor/182535-52,https://twitter.com/QuakeCapital,https://www.linkedin.com/company/quake-capital,https://www.facebook.com/QuakeCapital,https://www.instagram.com/quakecapital/,https://www.youtube.com/channel/UC4xqvc5lmiFC5um5R5jKl5w
German Accelerator - Kickstart International,German Accelerator - Kickstart International,Accelerator,Life Sciences,2018,German Federal Ministry,"Berlin, Germany",Life Sciences,NA,https://www.crunchbase.com/organ...,https://pitchbook.com/profiles/c...,https://twitter.com/GALifeSciences,https://www.linkedin.com/company/g...,https://www.facebook.com/GermanAc...,https://www.instagram.com/germana...,NA
German Accelerator - Life Sciences,German Accelerator - Life Sciences,Accelerator,Life Sciences,2018,German Federal Ministry,"Berlin, Germany",Life Sciences,NA,https://www.crunchbase.com/organ...,https://pitchbook.com/profiles/c...,https://twitter.com/GALifeSciences,https://www.linkedin.com/company/g...,https://www.facebook.com/GermanAc...,https://www.instagram.com/germana...,NA
Telluride Venture Accelerator,Telluride Venture Accelerator,Accelerator,Multiple,2012,"Jesse Johnson, Mark Young","Telluride, Colorado","Outdoor recreation, tourism, natural products, health and wellness, tech","Felt Soul Media, GeoTourist, RIGS Adventure Co., Ski Butlers",https://www.crunchbase.com/organization/telluride-venture-accelerator,https://pitchbook.com/profiles/accelerator/110768-45,https://twitter.com/tellurideva,https://www.linkedin.com/company/telluride-venture-accelerator,https://www.facebook.com/TellurideVentureAccelerator,https://www.instagram.com/tellurideva/,N/A
German Accelerator - Silicon Valley & New York,German Accelerator - Silicon Valley & New York,Accelerator,Multiple,2012,unknown,"San Francisco, California","Tech, life sciences, digital media","Cognitivescale, Navvis, Penta Security, Riskmethods",https://www.crunchbase.com/organization/german-accelerator-usa,https://pitchbook.com/profiles/accelerator/110773-52,https://twitter.com/GermanAccelerator,https://www.linkedin.com/company/german-accelerator/,https://www.facebook.com/GermanAccelerator/,https://www.instagram.com/germanaccelerator/,https://www.youtube.com/channel/UCr5A5IVKjWoWrGZr3q3aX6w
German Accelerator - Silicon Valley JumpStart,German Accelerator - Silicon Valley JumpStart,Accelerator,Multiple,2015,unknown,"Berlin, Germany",Life sciences and biotechnology,"Acousia Therapeutics, Avantama, i3 Membrane, Ubirch",https://www.crunchbase.com/organization/german-accelerator-jumpstart,https://pitchbook.com/profiles/accelerator/110773-53,https://twitter.com/GermanAccelerator,https://www.linkedin.com/company/german-accelerator-jumpstart/,https://www.facebook.com/GermanAccelerator/,https://www.instagram.com/germanaccelerator/,N/A
i/o ventures,i/o ventures,Accelerator,Technology,2015,"Jonathan Nelson, Justin Womersley, and Joe Medved","New York City, New York, United States","Consumer, enterprise, and financial technology","Cinch, Homeward, Octave, and Wealthsimple",https://www.crunchbase.com/organization/ventures-io,https://pitchbook.com/profiles/accelerator/109492-49,https://twitter.com/venturesio,https://www.linkedin.com/company/ventures-io/,https://www.facebook.com/ventures.io/,https://www.instagram.com/ventures.io/,https://www.youtube.com/channel/UCz4N4C7BBcOrkuohDYW7l8g
New York Digital Health Innovation Lab,New York Digital Health Innovation Lab,Non-profit organization,"Healthcare, Digital Health",2013,"Partnership of New York City, New York eHealth Collaborative, and Health 2.0","New York City, New York, United States",Digital Health Breakthrough Network (DHBN),"Healthify, ConsejoSano, Force Therapeutics, Health Recovery Solutions, among others",N/A,N/A,https://twitter.com/digitalhealthNY,https://www.linkedin.com/company/digitalhealthnyc/,https://www.facebook.com/DigitalHealthNYC/,N/A,https://www.youtube.com/channel/UCmR1YwsUSI4mtX9v4O4VmGQ
Dreamit Ventures,Dreamit Ventures,Accelerator,Multiple,2008,"David Bookspan, Michael Levinson, and Steve Welch","Philadelphia, Pennsylvania","Healthtech, urban tech, construction tech, customer tech","Adaptly, Biomeme, Elevate, Redox",https://www.crunchbase.com/organization/dreamit-ventures,https://pitchbook.com/profiles/accelerator/42470-48,https://twitter.com/dreamit,https://www.linkedin.com/company/dreamit-ventures,https://www.facebook.com/DreamitVentures/,https://www.instagram.com/dreamitventures/,https://www.youtube.com/user/DreamitVentures
TinySeed Accelerator,TinySeed Accelerator,Private,Startup Accelerator,2018,"Rob Walling, Einar Vollset, Tracy Osborn, Derrick Ralston","Minneapolis, Minnesota, United States","Software as a Service (SaaS), Subscription Services","Taskable, AudienceOps, Podia",https://tinyseed.com/data.json,https://pitchbook.com/profiles/investor/231938-73,https://twitter.com/tinyseedco,https://www.linkedin.com/company/tinyseed,https://www.facebook.com/tinyseedco,https://www.instagram.com/tinyseedco/,https://www.youtube.com/channel/UCjR8V7-puPdJ2H7U5_n6UJw
CoLabs,CoLabs,Private,Startup Accelerator,2018,"Steve Barsh, Kevin Belford, Kelly Coyne, Liz Sara","Washington D.C., United States","Artificial Intelligence, Machine Learning, Robotics","Nautilus Biotechnology, Suki.AI, and Decoded Health",https://www.colabs.com/data.json,https://pitchbook.com/profiles/investor/230808-76,https://twitter.com/CoLabsDC,https://www.linkedin.com/company/colabsdc,https://www.facebook.com/colabsdc,https://www.instagram.com/colabsdc/,https://www.youtube.com/channel/UCVn4vyoJc4_A4eYJ-8NlhhA
Sky High Accelerator - Start Co.,Sky High Accelerator - Start Co.,Accelerator,Multiple,2017,Kevin McLaughlin,"San Francisco, California","Robotics, drones, AI, machine learning","Airmap, Dronebase, Matternet, Skydio",https://www.crunchbase.com/organization/skyhigh-vc,https://pitchbook.com/profiles/accelerator/416989-94,https://twitter.com/SkyhighVC,https://www.linkedin.com/company/skyhighvc/,https://www.facebook.com/Skyhigh-VC-100183695327867,https://www.instagram.com/skyhigh.vc/,N/A
SparkGap Logistics Accelerator,SparkGap Logistics Accelerator,Accelerator,"Internet, Technology",2014,"Brian Ardinger, Erica Wassinger","Lincoln, Nebraska, United States","Internet of Things (IoT), Drones, Robotics, Virtual and Augmented Reality (VR/AR), Artificial Intelligence (AI), Machine Learning, Cybersecurity",N/A,https://www.crunchbase.com/organization/the-spark-gap,https://pitchbook.com/profiles/accelerator/231010-27,https://twitter.com/thesparkgap,https://www.linkedin.com/company/the-spark-gap/,https://www.facebook.com/TheSparkGap/,https://www.instagram.com/thesparkgap/,https://www.youtube.com/channel/UCliT_D6KvtvjujaplrQ9X0g
Upstart Accelerator - Start Co.,Upstart Accelerator - Start Co.,Accelerator,"Finance, Technology",2012,"Dave Girouard, Anna Counselman, Paul Gu","San Francisco, California, United States","Financial Services, Artificial Intelligence (AI), Credit and Lending, Insurance, Personal Finance, Consumer Lending","Upstart, Earnest, Brex, Nova Credit",https://www.crunchbase.com/organization/upstart,https://pitchbook.com/profiles/accelerator/56119-29,https://twitter.com/upstart,https://www.linkedin.com/company/upstarthq/,https://www.facebook.com/upstarthq/,https://www.instagram.com/upstarthq/,https://www.youtube.com/channel/UCmbROOzjRUBkY2QzAvS-tfQ
Underdog Labs,Underdog Labs,Accelerator,Technology,2018,N/A,"Providence, Rhode Island, United States","Startups led by underrepresented founders, including women, people of color, LGBTQ, and veteran entrepreneurs",N/A,https://www.crunchbase.com/organization/underdog-labs,https://pitchbook.com/profiles/accelerator/441383-23,N/A,https://www.linkedin.com/company/underdoglabs/,N/A,https://www.instagram.com/underdoglabs/,N/A
Morgan Stanley Multicultural Innovation Lab,Morgan Stanley Multicultural Innovation Lab,Accelerator,"Finance, Technology",2017,N/A,"New York, New York, United States",Multicultural and women-led startups,"Aiera, Asylon, Atom Finance, Bee, Fairooz Imaging Innovations, Fluent, FRST, H1 Insights, Impetus Technologies, Kayrros, Lendflow, MoneyLion, Sherpa, Street Contxt, Synthium Health, UBDI, Visible Alpha",https://www.crunchbase.com/organization/morgan-stanley-multicultural-innovation-lab,https://pitchbook.com/profiles/accelerator/440766-51,N/A,https://www.linkedin.com/company/ms-mcil/,N/A,N/A,N/A
DeltaClimeVT Vermont Business Accelerator,DeltaClimeVT Vermont Business Accelerator,Accelerator,Energy,2019,Geoff Chapin,"Burlington, Vermont, United States","Energy Efficiency, Renewable Energy, Agriculture, Waste Management","Energy 2021, SustainCERT, Aperio, Water Works",https://www.crunchbase.com/organization/deltaclimevt,https://pitchbook.com/profiles/accelerator/436515-26,https://twitter.com/deltaclimevt,https://www.linkedin.com/company/deltaclimevt/,N/A,https://www.instagram.com/deltaclimevt/,N/A
Automation Alley Industry 4.0 Accelerator,Automation Alley Industry 4.0 Accelerator,Private,Startup Accelerator,2017,"Alex Tarter, Mark Thompson, Simon Crowther, Ed Venmore-Rowland","London, United Kingdom","Industry 4.0, Internet of Things (IoT), Artificial Intelligence, Data Analytics","SEaB Energy, Infraspeak, AirSensa",http://i40accelerator.com/data.json,https://pitchbook.com/profiles/investor/249217-11,https://twitter.com/i40accelerator,https://www.linkedin.com/company/i40accelerator/,https://www.facebook.com/i40accelerator/,https://www.instagram.com/i40accelerator/,https://www.youtube.com/channel/UC5yBJGRgY52DVEUcukdUoBg
Alchemist Accelerator,Alchemist Accelerator,Accelerator,Technology,2012,Ravi Belani,"San Francisco, CA","Enterprise software,","Airbnb,Dropbox,Stripe",https://www.crunchbase.com/organization/alchemist-accelerator,https://pitchbook.com/profiles/accelerator/11068-07,https://twitter.com/alchemist,https://www.linkedin.com/company/alchemist-accelerator/,https://www.facebook.com/alchemistaccelerator/,https://www.instagram.com/alchemistaccelerator/,https://www.youtube.com/channel/UCVJPwTtLFNNHbPzC4y_lJ7Q
Grid110 - Idea to Product,Grid110 - Idea to Product,Accelerator,Technology,2015,0,"Los Angeles, CA",Technology startups,"Pigeon.ly,StyleHaul,Atom Tickets",https://www.crunchbase.com/organization/grid110,https://pitchbook.com/profiles/accelerator/211229-84,https://twitter.com/grid110,https://www.linkedin.com/company/grid110/,https://www.facebook.com/Grid110/,https://www.instagram.com/grid110/,https://www.youtube.com/channel/UCk-1EFV7AYu13pPecS7J90A
Grid110 - Residency,Grid110 - Residency,Incubator,Technology,2016,"Mark Manguerra, Sarah","Los Angeles, CA",Early-stage startups in,"Calm,Clutter",https://www.crunchbase.com/organization/grid110,N/A,https://twitter.com/grid110,https://www.linkedin.com/company/grid110/,https://www.facebook.com/Grid110/,https://www.instagram.com/grid110/,https://www.youtube.com/channel/UCk-1EFV7AYu13pPecS7J90A
Desai Accelerator,Desai Accelerator,Accelerator,Multi,2013,"University of Michigan, Michigan Ross School of Business","Ann Arbor, Michigan","Technology, Healthcare, Mobility, Consumer Goods and Services","MySwimPro, Voxel51, Fusion Coolant Systems",https://desaiaccelerator.umich.edu/data.json,https://pitchbook.com/profiles/accelerator/226220-50,https://twitter.com/DesaiAcceleratr,https://www.linkedin.com/company/desai-accelerator/,https://www.facebook.com/desaiaccelerator/,https://www.instagram.com/desaiaccelerator/,https://www.youtube.com/channel/UCmC2hS9ZmVS4Kjv7mfnzY4w
PledgeLA Fund for South LA Founders,PledgeLA Fund for South LA Founders,Accelerator,Multi,2016,USC Marshall School of Business,"Los Angeles, California","Fashion, Food, Wellness, and Lifestyle","Open Spaces, TALA, The Giving Keys",https://grid110.org/pledgela-founders-fund/data.json,https://pitchbook.com/profiles/accelerator/240618-52,https://twitter.com/grid110la,https://www.linkedin.com/company/grid110/,https://www.facebook.com/grid110/,https://www.instagram.com/grid110/,https://www.youtube.com/channel/UCzBOJGCbdpx6XgF-zKj2DvQ
Future Founders - Fellowship,Future Founders - Fellowship,Fellowship,Multi,2012,Future Founders,"Chicago, Illinois","Entrepreneurship, Technology, Innovation","Tovala, BallotReady, Fourstarzz Media",https://www.futurefounders.com/fellowship/data.json,https://pitchbook.com/profiles/accelerator/151737-55,https://twitter.com/Future_Founders,https://www.linkedin.com/company/futurefounders/,https://www.facebook.com/FutureFounders/,https://www.instagram.com/futurefounders/,https://www.youtube.com/channel/UCu-2QIMVpr0JjIxKbG9JddA
Future Founders - Startup Bootcamp,Future Founders - Startup Bootcamp,Fellowship,Multi,2012,Future Founders,"Chicago, Illinois","Entrepreneurship, Technology, Innovation","Tovala, BallotReady, Fourstarzz Media",https://www.futurefounders.com/fellowship/data.json,https://pitchbook.com/profiles/accelerator/151737-55,https://twitter.com/Future_Founders,https://www.linkedin.com/company/futurefounders/,https://www.facebook.com/FutureFounders/,https://www.instagram.com/futurefounders/,https://www.youtube.com/channel/UCu-2QIMVpr0JjIxKbG9JddA
Accathon Capital,Accathon Capital,Accelerator,Multi,2018,Accenture,"Bangalore, India","Artificial Intelligence, Big Data, Cybersecurity, Internet of Things","Relgo Networks, HealthPlix, Trinket",https://www.accathon.com/data.json,https://pitchbook.com/profiles/accelerator/470834-62,https://twitter.com/AccathonGlobal,https://www.linkedin.com/company/accathon-global/,https://www.facebook.com/accathonglobal/,https://www.instagram.com/accathonglobal/,https://www.youtube.com/channel/UC1IeyzdR8tT-VOypFgO9p0g
Founderly,Founderly,Private,"Business Development, Entrepreneurship",2020,"Arpan Meka, Ashish Yelamanchili","New York, NY, United States",N/A,N/A,https://www.crunchbase.com/organization/founderly,https://pitchbook.com/profiles/company/499199-60,https://twitter.com/FounderlyHQ,https://www.linkedin.com/company/founderlyhq/,https://www.facebook.com/founderlyhq,https://www.instagram.com/founderlyhq/,N/A
Matter Chicago - Healthcare Incubator,Matter Chicago - Healthcare Incubator,Private,Healthcare Startup Accelerator,2014,Steven Collens,"Chicago, Illinois, United States","Healthcare, Medical Devices, HealthTech, Biotech","Explore Health, Careband, UnaliWear, Twistle",https://matter.health/microdata,https://pitchbook.com/profiles/investor/129957-28,https://twitter.com/matterhealth,https://www.linkedin.com/company/matter-health/,https://www.facebook.com/matterhealth,https://www.instagram.com/matterhealth/,https://www.youtube.com/channel/UCv1uV7B-Ko2Q-3x3zFJH52w
AlphaLab Health,AlphaLab Health,Accelerator,Healthcare,2014,-,"Pittsburgh, Pennsylvania","Digital health, life sciences, medical devices, AI/ML","Abridge, Marinus Pharmaceuticals, Peptilogics",https://www.crunchbase.com/organization/alphalab,https://pitchbook.com/profiles/accelerator/10879-03,https://twitter.com/alphalabhealth,https://www.linkedin.com/company/alphalabhealth/,-,-,-
Amplify,Amplify,Accelerator,Technology,2011,-,"Los Angeles, California",Technology startups in various industries,"Ampsy, AppOnboard, Tradesy, Wealthfront",https://www.crunchbase.com/organization/amplify-la,https://pitchbook.com/profiles/accelerator/41320-41,https://twitter.com/AmplifyLA,https://www.linkedin.com/company/amplifyla/,https://www.facebook.com/Amplify-LA-215954231758/,https://www.instagram.com/amplifyla/,https://www.youtube.com/channel/UCSdKj-hwShz6sxBJ6s46e4g
Aves Lair Summer 2021 Cohort,Aves Lair Summer 2021 Cohort,Accelerator,Technology,2021,-,"London, United Kingdom","AI, cybersecurity, fintech, healthtech, proptech",-,https://www.crunchbase.com/organization/aves-lair,-,https://twitter.com/AvesLair,https://www.linkedin.com/company/aves-lair/,-,https://www.instagram.com/aveslair/,-
AWS Builder Space Program,AWS Builder Space Program,Accelerator,Technology,2017,"Haim Sadger, Yuval Brody","Tel Aviv, Israel",Cloud computing and AWS-related technologies,"Cloudinary, Spotinst, Firebolt, Nym Health, K Health",https://www.crunchbase.com/organization/floor-28,-,https://twitter.com/Floor28IL,https://www.linkedin.com/company/floor-28-aws-builder-space/,-,-,-
BCP Tech Accelerator,BCP Tech Accelerator,Accelerator,Multiple,2013,-,"Kansas City, Missouri, United States","Tech, Bioscience, Energy, Finance, etc.","Sickweather, VideoFizz, Redivus Health",https://www.crunchbase.com/organiz...,https://pitchbook.com/profiles/company/233647-69,https://twitter.com/launchkc,https://www.linkedin.com/company/launchkc/,https://www.facebook.com/LaunchKC/,https://www.instagram.com/launchkc/,https://www.youtube.com/channel/UCuX7v2FAj1x7V1TnOVyfl8w
Beam Angel Network,Beam Angel Network,Accelerator,Multiple,2020,-,"San Francisco, California, United States",-,-,https://www.crunchbase.com/organiz...,https://pitchbook.com/profiles/company/416254-20,https://twitter.com/BeamFounders,https://www.linkedin.com/company/beam-founders/,https://www.facebook.com/beamfounders/,https://www.instagram.com/beamfounders/,https://www.youtube.com/channel/UCfhe0_NI_Z_BX9JlLaypGvA
BIV Food Accelerator,BIV Food Accelerator,Venture Capital,"Food and Agriculture, Alternative Proteins",2015,"Andrew D. Ive, Tom Mastrobuoni","New York City, New York, United States","Food and Agriculture, Biotech, Healthcare, etc.","Shiok Meats, Better Meat Co., Rebellyous Foods, etc.",https://www.crunchbase.com/organiz...,https://pitchbook.com/profiles/investor/184387-76,https://twitter.com/BIVP,https://www.linkedin.com/company/big-idea-ventures/,https://www.facebook.com/bigideaventures/,https://www.instagram.com/bigideaventures/,https://www.youtube.com/channel/UC01G1wNvQOa1mKst-v5r5OQ
Boomstartup Accelerator,Boomstartup Accelerator,Accelerator,Technology,2010,-,"Provo, Utah, United States","Tech, Healthcare, Social Impact","Weave, Homie, Jane, Riffraff",https://www.crunchbase.com/organiz...,https://pitchbook.com/profiles/company/55406-50,https://twitter.com/boomstartup,https://www.linkedin.com/company/boomstartup/,https://www.facebook.com/boomstartup/,https://www.instagram.com/boomstartup/,https://www.youtube.com/channel/UCaFmUaM6RaxtBKJ1G_BNB6A
BV IgniteX COVID-19 Response Accelerator,BV IgniteX COVID-19 Response Accelerator,Accelerator Program,Technology,2021,"Suneet Gohil, Minal Gohil","Houston, Texas, United States","Blockchain, Artificial Intelligence, Cybersecurity, Healthtech, Fintech",N/A,https://www.crunchbase.com/organization/bv-ignite,https://pitchbook.com/profiles/accelerator/503461-39,https://twitter.com/BVIgnite,https://www.linkedin.com/company/bv-ignite,https://www.facebook.com/BV-Ignite-100578775638920,https://www.instagram.com/bv_ignite/,https://www.youtube.com/channel/UCDvL-0g4XYJZW2NtuOokcqA
Comcast NBCUniversal SportsTech,Comcast NBCUniversal SportsTech,Accelerator Program,Sports Technology,2021,Comcast Corporation,"Philadelphia, Pennsylvania, United States","Fan Engagement, Athlete Performance, Team and Coach Success, Venue Optimization, Esports, Betting and Gaming",N/A,https://www.crunchbase.com/organization/comcast-sportstech,https://pitchbook.com/profiles/accelerator/503369-05,https://twitter.com/comcastsportst,https://www.linkedin.com/company/comcast-sportstech/,https://www.facebook.com/ComcastSportsTech,https://www.instagram.com/comcastsportstech/,N/A
Cyber Incubator,Cyber Incubator,Incubator Program,Cybersecurity,0,N/A,"Baltimore, Maryland, United States",Cybersecurity,"RedZone Robotics, Light Point Security, Five Directions Inc.",https://www.crunchbase.com/organization/bwtech-umbc-research-and-technology-park,https://pitchbook.com/profiles/accelerator/152259-87,https://twitter.com/bwtechumbc,https://www.linkedin.com/company/bwtechumbc/,https://www.facebook.com/bwtechumbc,https://www.instagram.com/bwtechumbc/,https://www.youtube.com/user/bwtechumbc
CV Labs Incubator,CV Labs Incubator,Incubator Program,Blockchain,2018,Olga Feldmeier,"Zug, Switzerland",Blockchain,"Nexo, Taurus Group, PassOn AG",https://www.crunchbase.com/organization/cv-labs-incubation,https://pitchbook.com/profiles/accelerator/402882-48,https://twitter.com/CVlabs,https://www.linkedin.com/company/cv-labs/,https://www.facebook.com/cvlabszug/,https://www.instagram.com/cv_labs/,https://www.youtube.com/channel/UCtFJpNlzgzt-xTceBszNUDw
Exponential Impact,Exponential Impact,Accelerator Program,Technology,2014,"Terry Morreale, Hannah Parsons","Colorado Springs, CO, United States",Technology,"Kuznech, Quantum Metric, Quantum Systems",https://www.crunchbase.com/organization/exponential-impact,https://pitchbook.com/profiles/accelerator/179868-82,https://twitter.com/exponentialimp,https://www.linkedin.com/company/exponential-impact/,https://www.facebook.com/ExponentialImpactCo/,https://www.instagram.com/exponentialimpact/,https://www.youtube.com/channel/UCOk9zSg0IcrJGz-gWQ1JVPA
Flywheel New Ventures,Flywheel New Ventures,Accelerator,Startup Incubation & Acceleration,2016,Christopher M. William and Marc Montoro,"Raleigh, North Carolina, United States","Agriculture, Biotechnology, Education, Energy, Finance, Healthcare, Manufacturing, Real Estate, Social Impact, Technology","Haven Inc, LoanWell, RewardStock, Soloptic, WexEnergy, Xpansiv",https://www.crunchbase.com/organization/new-ventures-nc,https://pitchbook.com/profiles/accelerator/234129-36,https://twitter.com/newventuresnc,https://www.linkedin.com/company/newventuresnc/,https://www.facebook.com/newventuresnc,https://www.instagram.com/newventuresnc/,https://www.youtube.com/channel/UCSW9fHTj62nvOKFWbYcYJlQ
gener8tor Sustainability Accelerator,gener8tor Sustainability Accelerator,Accelerator,Startup Incubation & Acceleration,2021,"Joe Kirgues, Troy Vosseller, Dan Armbrust and Jon Eckhardt","Madison, Wisconsin, United States","Sustainability, Climate Change, Carbon Reduction, Energy Efficiency, Waste Reduction, Water Conservation, ESG",N/A,https://www.crunchbase.com/organization/gener8tor-sustainability-accelerator,https://pitchbook.com/profiles/accelerator/534508-49,https://twitter.com/gener8tor,https://www.linkedin.com/company/gener8tor-sustainability-accelerator/,https://www.facebook.com/gener8tor/,https://www.instagram.com/gener8tor/,https://www.youtube.com/channel/UCGxEoKlxlhCUazd-nz1M31w
Gravity Ventures,Gravity Ventures,Venture Capital,Technology,2016,N/A,"San Francisco, California, United States",N/A,"Hone, Cala Health, Suki.AI, Lunit",https://www.crunchbase.com/organization/gravity-ventures,https://pitchbook.com/profiles/investor/154818-91,https://twitter.com/GravityVentures,https://www.linkedin.com/company/gravity-ventures/,N/A,https://www.instagram.com/gravity_ventures/,N/A
Hardware Club,Hardware Club,"Accelerator, VC","Hardware, Manufacturing, Consumer Electronics",2015,"Alexis Houssou, Cyril Ebersweiler","Paris, France","Consumer electronics, IoT, Robotics, Healthtech, Smart Home, Wearables","Prynt, Glowforge, Reach Robotics, Formlabs, Petnet, Voltera, Lumen5, Notion, Mous, and Senstroke",https://www.crunchbase.com/organization/hardware-club,https://pitchbook.com/profiles/accelerator/61150-61,https://twitter.com/hardwareclub,https://www.linkedin.com/company/hardware-club,https://www.facebook.com/hardwareclub,https://www.instagram.com/hardwareclub/,https://www.youtube.com/channel/UC5vcL-5B4N4NKzs9NwrLyvg
Hub101,Hub101,"Accelerator, Incubator","Entrepreneurship, Startups",2015,"Greg Monterrosa, Dave Flaks","Westlake Village, California, United States","Technology, Digital Media, Consumer Goods, HealthTech, FinTech, Clean Energy","Lumos Helmet, Winc, Surfair, Unmute, and Agentdesks",https://www.crunchbase.com/organization/hub101,https://pitchbook.com/profiles/accelerator/111496-23,https://twitter.com/HUB101LA,https://www.linkedin.com/company/hub101/,https://www.facebook.com/hub101ventura/,https://www.instagram.com/hub101ventura/,https://www.youtube.com/channel/UCbKx20xVXnLMLvhwKcW8R8w
ic@3401,ic@3401,Accelerator,Various,2018,"Francisco Banha, Paulo Andrez","Lisbon, Portugal","Biotechnology, Clean Energy, Information Technology, Medical Devices, Pharmaceuticals","Adapttech, CellmAbs, Ecocubo, HEY OLÁ, InanoEnergy, HUUB",https://www.crunchbase.com/organization/ic3401,https://pitchbook.com/profiles/accelerator/255114-22,https://twitter.com/ic3401,https://www.linkedin.com/company/ic3401/,https://www.facebook.com/ic3401/,https://www.instagram.com/ic3401/,https://www.youtube.com/channel/UCaVz_Ud2tlOG7VzfcxsFjKw
Included,Included,Accelerator,Various,2016,"Antoine Baschiera, Jeremy Uzan","Paris, France","Artificial Intelligence, Blockchain, E-commerce, FinTech, HealthTech, SaaS","Alan, Alphalyse, HomeExchange, Luko, Ottonova, Xaalys",https://www.crunchbase.com/organization/included,https://pitchbook.com/profiles/accelerator/230708-75,https://twitter.com/IncludedVC,https://www.linkedin.com/company/includedvc/,https://www.facebook.com/includedvc,https://www.instagram.com/includedvc/,https://www.youtube.com/channel/UCkJR6UyJe6JXJJ6xpx46L1g
Institute of Life Science Incubator,Institute of Life Science Incubator,Private,Biotechnology,2019,CEO: Chris Adams<br>CSO: Bill Buchan<br>COO: Matt D'Ascenzo,"Durham, North Carolina, United States",Not applicable,Not applicable,https://www.crunchbase.com/organization/ilse-bio,https://pitchbook.com/profiles/company/463842-86,https://twitter.com/ilsebio,https://www.linkedin.com/company/ilse-bio-inc,https://www.facebook.com/ilsebio/,https://www.instagram.com/ilsebio/,https://www.youtube.com/channel/UCjRnGcNv2BwzNS91t32Hnzw
Iowa AgriTech Accelerator,Iowa AgriTech Accelerator,Private,Agriculture,2016,CEO: Bruce Rastetter,"Alden, Iowa, United States",Not applicable,Not applicable,https://www.crunchbase.com/organization/agri-industrial-ventures,https://pitchbook.com/profiles/company/173655-68,https://twitter.com/agindustrialia,https://www.linkedin.com/company/agri-industrial-ventures-llc/,https://www.facebook.com/agindustrialia/,Not applicable,Not applicable
Johnson Summer Startup Accelerator,Johnson Summer Startup Accelerator,Educational Institution,Education,0,Not applicable,"Ithaca, New York, United States",Entrepreneurship,Not applicable,https://www.crunchbase.com/organization/cornell-university-johnson-school,Not applicable,https://twitter.com/cornellMBA,https://www.linkedin.com/school/cornell-university-samuel-curtis-johnson-graduate-school-of-management/,https://www.facebook.com/CornellJohnsonMBA/,https://www.instagram.com/cornellmba/,https://www.youtube.com/channel/UC1FTw8k5O5bf5J5cJ72q3iw
iVenture Accelerator,iVenture Accelerator,Accelerator,Various,2012,Co-Founded by Tom Parkinson and Allan Kaplan,"Champaign, Illinois, United States","Consumer Products, Education, Energy, Enterprise Software, Financial Technology, Healthcare, Internet of Things, Marketing Technology, Media, Real Estate, Robotics, Transportation","Agrible, Cast21, Cognii, IntelinAir, KickUp, PSYONIC, Reconstruct, Rithmio, SiNode Systems, Sun Buckets, Tovala",https://www.crunchbase.com/organization/iventure-accelerator,https://pitchbook.com/profiles/accelerator/97889-23,https://twitter.com/iventureuiuc,https://www.linkedin.com/company/iventure-accelerator/,https://www.facebook.com/iventureaccelerator/,https://www.instagram.com/iventureuiuc/,https://www.youtube.com/channel/UCVdGckY-k6-NwU6isgUvFkg
Jumpstart Foundry,Jumpstart Foundry,Accelerator,Various,2014,Founded by Michael Loeb and Rich Vogel,"New York, New York, United States","Consumer Products, E-commerce, Healthcare, Internet of Things, Media, Mobile, Retail, Software, Technology","Ampsy, Boxed Wholesale, Chief, Hubble, Infatuation Holdings, Keeps, Lively, Nadaam, Rockets of Awesome, Steezy",https://www.crunchbase.com/organization/juice-shop-fund,https://pitchbook.com/profiles/accelerator/152464-78,https://twitter.com/jsf_vc,https://www.linkedin.com/company/juice-shop-fund/,https://www.facebook.com/jsf.vc/,https://www.instagram.com/jsf_vc/,N/A
Lair East Labs,Lair East Labs,Accelerator,Various,2014,"Founded by Holly Liu, Will O'Brien, and David Wu","New York, New York, United States","Consumer Products, Education, Financial Technology, Healthcare, Internet of Things, Media, Mobile, Real Estate, Retail, Software, Transportation","Airtime, Carrot, Chill, Citizen, Dashlane, Jukin Media, Modern Meadow, Qapital, TheSkimm, Venmo",https://www.crunchbase.com/organization/lair-east-labs,https://pitchbook.com/profiles/accelerator/155130-37,https://twitter.com/LAIREastLabs,https://www.linkedin.com/company/lair-east-labs/,https://www.facebook.com/laireastlabs/,https://www.instagram.com/laireastlabs/,N/A
Launch Lane Digital Health,Launch Lane Digital Health,Accelerator,Healthcare,N/A,Founded by University City Science Center,"Philadelphia, Pennsylvania, United States","Healthcare, Digital Health, Medical Devices, Health IT","Biomeme, Keriton, Neuroflow, OneTwoSee, Oncora Medical, VitalTrax",https://www.crunchbase.com/organization/digital-health-accelerator,https://pitchbook.com/profiles/accelerator/126053-63,https://twitter.com/UCScienceCenter,https://www.linkedin.com/company/university-city-science-center/,https://www.facebook.com/UCScienceCenter/,https://www.instagram.com/ucsciencecenter/,https://www.youtube.com/user/UCScienceCenter
Long Beach Accelerator,Long Beach Accelerator,Accelerator Program,Various Industries,2019,L-Bank,"Stuttgart, Germany","Artificial Intelligence, Blockchain, IoT, Mobility, Industry 4.0","Ecoligo, Pikcio, UniteLabs, XPatient",https://www.lbaccelerator.org/,https://pitchbook.com/profiles/accelerator/231071-75,https://twitter.com/LBank_AG,https://www.linkedin.com/company/l-bank-ag/,https://www.facebook.com/LBankAG,https://www.instagram.com/lbank_ag/,https://www.youtube.com/channel/UCaEYYOcOvhjbbxPC1QQujyQ
MARL 5G Accelerator,MARL 5G Accelerator,Accelerator Program,Various Industries,2021,MARL Accelerator Team,"Amsterdam, Netherlands","Sustainable Future, Social Impact, Climate Change",N/A,https://marlaccelerator.com/,https://pitchbook.com/profiles/accelerator/517443-61,https://twitter.com/MARLaccelerator,https://www.linkedin.com/company/marl-accelerator/,https://www.facebook.com/MARLaccelerator/,https://www.instagram.com/marlaccelerator/,https://www.youtube.com/channel/UCmU_x1DEfW8LZw1Ab2Q7zUQ
mHUB Accelerated Incubation,mHUB Accelerated Incubation,0,0,0,0,0,0,0,0,0,0,0,0,0,0
mHUB MedTech Accelerator,mHUB MedTech Accelerator,Accelerator,Advanced Manufacturing and Physical Product Development,2017,"Haven Allen, William Fienup","Chicago, Illinois, United States","Hardware, Product Development, Supply Chain, IoT","MightyVine, WearWorks, AMP Robotics, LuxMea Studio",https://mhubaccelerator.com/jsonld/,https://pitchbook.com/profiles/accelerator/235703-32,https://twitter.com/mHUBChicago,https://www.linkedin.com/company/mhubaccelerator/,https://www.facebook.com/mHUBChicago/,https://www.instagram.com/mhubchicago/,https://www.youtube.com/channel/UCtVCY2by3vqUsxK78tGkZ1g
Mortar at Bounce,Mortar at Bounce,0,0,0,0,0,0,0,0,0,0,0,0,0,0
MVP Lab by Mozilla Builders Incubator,MVP Lab by Mozilla Builders Incubator,Accelerator,Technology,2020,Mozilla,"Mountain View, California, United States","Artificial intelligence, Open source","Phonon AI, Speechly, WeiFund",https://www.mozilla.org/en-US/ac/mozilla-builders/,https://pitchbook.com/profiles/accelerator/439029-23,https://twitter.com/mozillabuilders,https://www.linkedin.com/company/mozilla-builders/,https://www.facebook.com/MozillaBuilders/,https://www.instagram.com/mozillabuilders/,https://www.youtube.com/channel/UCvn_LM1SiNQRcZI9XAJ12Sw
New York Fashion Tech Lab,New York Fashion Tech Lab,Private,"Fashion Technology, Accelerator Program",2014,Pano Anthos,"New York, New York, United States",Fashion Technology,"Bow & Drape, Hukkster, Nineteenth Amendment",https://nyftlab.com/,https://pitchbook.com/profiles/accelerator/108671-47,https://twitter.com/NYFTLab,https://www.linkedin.com/company/nyft-lab/,https://www.facebook.com/nyftlab/,https://www.instagram.com/nyftlab/,https://www.youtube.com/channel/UCQKjHLb6nGx6-u_XU6pwyUg
New Ventures Accelerator,New Ventures Accelerator,Private,"Business Incubator, Accelerator Program",1997,Jim Roberts,"Research Triangle Park, North Carolina, United States","Healthcare, Biotechnology, Energy, Advanced Manufacturing","LipoScience, Cree, Automated Insights",https://www.newventuresnc.com/,https://pitchbook.com/profiles/investor/10799-91,https://twitter.com/NewVenturesNC,https://www.linkedin.com/company/new-ventures-nc/,https://www.facebook.com/newventuresnc/,https://www.instagram.com/newventuresnc/,https://www.youtube.com/channel/UCBCg6xW8V1nZQzKZJ-olZQQ
MuckerLab,MuckerLab,Private,Accelerator Program,2012,"Erik Rannala, William Hsu","Santa Monica, California, United States","Digital Media, E-commerce, Mobile, Marketplaces","Honey, Tala, Surf Air",https://www.mucker.com/muckerlab-accelerator/,https://pitchbook.com/profiles/accelerator/97223-27,https://twitter.com/muckerlab,https://www.linkedin.com/company/mucker-capital/,https://www.facebook.com/MuckerLab/,https://www.instagram.com/muckerlab/,https://www.youtube.com/channel/UCIsLsIq3Be3t9gPrnTmTtTQ
Next Commerce Accelerator,Next Commerce Accelerator,Venture Capital Firm,Venture Capital,2011,"Jim Debetta, John Fazio, and Jim Pettit","Birmingham, Alabama, United States","Healthcare, IT, Consumer Goods, and Services","Redhawk Vision, LocalMed, and Airship",https://www.crunchbase.com/organization/nca-ventures,https://pitchbook.com/profiles/investor/57296-24,https://twitter.com/nca_ventures,https://www.linkedin.com/company/nca-ventures/,https://www.facebook.com/nca.ventures,https://www.instagram.com/nca_ventures/,https://www.youtube.com/channel/UCrv9FZSfzSlkArYdK3ZZvow
NextCorps,NextCorps,Business Incubator,Business Incubation,2002,Unknown,"Rochester, New York, United States","Advanced Manufacturing, Agriculture and Food Innovation, Clean Energy, and Healthcare Technologies","Ampion, Plessey Semiconductors, and Micatu",https://www.crunchbase.com/organization/nextcorps,https://pitchbook.com/profiles/organization/64733-24,https://twitter.com/NextCorps,https://www.linkedin.com/company/nextcorps/,https://www.facebook.com/NextCorps/,https://www.instagram.com/nextcorps/,https://www.youtube.com/channel/UC6K75UUh7gU6W8ujF7yG9XQ
NullSpace VR,NullSpace VR,Venture Capital,Technology,2017,* Alex Niehenke<br>* Ariel Tseitlin,"San Francisco, California, United States",Seed-stage investments in technology startups,* Human Interest<br>* Pilot<br>* Zeus Living,https://www.crunchbase.com/organization/never-stop-ventures,https://pitchbook.com/profiles/investor/266554-51,https://twitter.com/NeverStopVC,https://www.linkedin.com/company/neverstopventures/,https://www.facebook.com/NeverStopVC/,https://www.instagram.com/neverstopvc/,https://www.youtube.com/channel/UCdiDfAr7nqzPM6sO_m31mzA
Outlier Ventures,Outlier Ventures,Private,Venture Capital,2013,Jamie Burke,"London, England","Blockchain, Web 3.0, Artificial Intelligence","Fetch.ai, Haja Networks, Ocean Protocol, Sovryn",https://www.crunchbase.com/organization/outlier-ventures,https://pitchbook.com/profiles/investor/119316-17,https://twitter.com/outlierventures,https://www.linkedin.com/company/outlierventures/,https://www.facebook.com/outlierventures/,https://www.instagram.com/outlierventures/,https://www.youtube.com/channel/UC5WzpgDTyvuCf0F_2QeXPIQ
Open Water Accelerator,Open Water Accelerator,Venture Capital Firm,Technology,2015,J. Skyler Fernandes,"New York, New York, United States","AI/ML, Data Analytics, Cybersecurity, Enterprise Software, Healthtech","Bright.md, Cognitivescale, Xnor.ai, Reonomy",https://openwatervc.com/json,https://pitchbook.com/profiles/investor/128921-27,https://twitter.com/openwatervc,https://www.linkedin.com/company/openwatervc,https://www.facebook.com/openwaterventures,https://www.instagram.com/openwatervc/,https://www.youtube.com/channel/UCoi_9XsMChbyIiSqqQnLqwQ
Paladin,Paladin,0,0,0,0,0,0,0,0,0,0,0,0,0,0
Parenthood Ventures,Parenthood Ventures,Accelerator,"Consumer Goods, Health, Wellness",2020,"Ann Bordetsky, Andrew Hedin","New York City, New York, United States","Family, Health, Education",N/A,https://www.parenthoodventures.com/,https://pitchbook.com/profiles/accelerator/428428-55,https://twitter.com/ParenthoodVC,https://www.linkedin.com/company/parenthood-ventures-vc/about/,https://www.facebook.com/ParenthoodVenturesVC/,https://www.instagram.com/parenthoodventuresvc/,https://www.youtube.com/channel/UCd3zvJAdRC05W8QUaKzoJyA
Pioneer - A fully remote accelerator,Pioneer - A fully remote accelerator,"Accelerator, Software","Technology, Entrepreneurship",2013,"Daniel Gross, Michael?Ariel Cohen","San Francisco, California, United States","Artificial Intelligence, Machine Learning, Robotics, Software","Airtable, Figma, Rippling, Superhuman, Tradecraft",https://pioneer.app/,https://pitchbook.com/profiles/accelerator/107098-63,https://twitter.com/pioneer,https://www.linkedin.com/company/pioneer-community/about/,https://www.facebook.com/pioneer.community,https://www.instagram.com/pioneer.app/,https://www.youtube.com/channel/UCV7mKT4szpDv7g1Bt1mUh5w
PointForward Summer,PointForward Summer,Accelerator,Technology,2019,"Mark Norbisrath, Eric Martell","St. Louis, Missouri, United States","Technology-based startups in sectors including healthcare, financial services, and cybersecurity",Knoa Software,https://www.crunchbase.com/organization/point-forward-accelerator,https://pitchbook.com/profiles/accelerator/316388-32,https://twitter.com/pointfwdaccel,https://www.linkedin.com/company/point-forward-accelerator/,https://www.facebook.com/pointfwdaccel,https://www.instagram.com/pointfwdaccel/,https://www.youtube.com/channel/UCB8e4XuVwgndPhCHNUiUBVw
Polyient Games,Polyient Games,Private,Blockchain,2020,"Brad Robertson, Craig Russo","Phoenix, Arizona, United States","Blockchain, NFTs, Gaming",N/A,https://www.crunchbase.com/organization/polyient-games,https://pitchbook.com/profiles/company/428332-70,https://twitter.com/polyientgames,https://www.linkedin.com/company/polyientgames/,https://www.facebook.com/PolyientGames/,https://www.instagram.com/polyientgames/,https://www.youtube.com/channel/UCkAvGZELrpFp_vHzeao_I-g
Polyient Labs,Polyient Labs,Private,"Blockchain, Finance",2018,Brad Robertson,"Phoenix, Arizona, USA",Blockchain,"Blockade Games, VeriTX",https://www.crunchbase.com/organization/polyient-labs,https://pitchbook.com/profiles/company/312651-44,https://twitter.com/polyientgames,https://www.linkedin.com/company/polyientgames/,https://www.facebook.com/polyientgames,https://www.instagram.com/polyientgames/,https://www.youtube.com/c/PolyientGames
Preccelerator Program,Preccelerator Program,Accelerator,Various,2012,"Len Lanzi, Kevin DeBré","Santa Monica, California",Digital media and technology startups,"Loopd, Snapwire, Vantage Sports",https://www.crunchbase.com/organization/preccelerator,https://pitchbook.com/profiles/accelerator/107775-61,https://twitter.com/Precclrtr,https://www.linkedin.com/company/preccelerator/,https://www.facebook.com/Preccelerator/,https://www.instagram.com/preccelerator/,N/A
Program Arkathon,Program Arkathon,Accelerator,Various,2018,"Jean-Pierre Vuilleumier, Jean-Pierre Fuchs, Xavier Comtesse","Geneva, Switzerland",Innovation,N/A,https://www.crunchbase.com/organization/arkathon,https://pitchbook.com/profiles/accelerator/329600-31,https://twitter.com/arkathon_swiss,https://www.linkedin.com/company/arkathon-switzerland/,https://www.facebook.com/arkathon.swiss/,https://www.instagram.com/arkathon_swiss/,N/A
Propeller Incubator,Propeller Incubator,Incubator,Various,2009,"Andrea Chen, Chris Schultz, Max Gaudin, Matt Wisdom","New Orleans, Louisiana",Social impact,"Electric Girls, Liberty's Kitchen, Resilia",https://www.crunchbase.com/organization/propeller-incubator,https://pitchbook.com/profiles/incubator/102955-50,https://twitter.com/propellernola,https://www.linkedin.com/company/propellerincubator/,https://www.facebook.com/PropellerIncubator/,https://www.instagram.com/propellernola/,https://www.youtube.com/user/PropellerNOLA
Propeller Impact Accelerator,Propeller Impact Accelerator,Accelerator,Various,2011,"Andrea Chen, Chris Schultz, Max Gaudin, Matt Wisdom","New Orleans, Louisiana",Social impact,"The Number Project, Burner Fitness, Launch Pad",https://www.crunchbase.com/organization/propeller-accelerator,https://pitchbook.com/profiles/accelerator/102955-82,https://twitter.com/propellernola,https://www.linkedin.com/company/propellerincubator/,https://www.facebook.com/PropellerIncubator/,https://www.instagram.com/propellernola/,https://www.youtube.com/user/PropellerNOLA
RealConnex,RealConnex,Private,Real Estate,2013,Roy Abrams,"New York, NY",Real estate,N/A,https://www.crunchbase.com/organization/realconnex,https://pitchbook.com/profiles/company/62355-08,https://twitter.com/realconnex,https://www.linkedin.com/company/realconnex/,https://www.facebook.com/RealConnex/,https://www.instagram.com/realconnex/,https://www.youtube.com/channel/UCbPMyzKGgDn9AKfQW5J8v5g
RealCo Startup Accelerator,RealCo Startup Accelerator,Incubator,"Real Estate, Technology, Finance, Marketing, Education",2016,"Blake Yeager, Craig Cummings, Andrew Ackerman","San Antonio, Texas",Real estate startups,"Dearduck, Take Command Health, PromoteIQ, Firesafe",https://www.crunchbase.com/organization/realco,https://pitchbook.com/profiles/accelerator/180523-95,https://twitter.com/realcosa,https://www.linkedin.com/company/realcosa/,https://www.facebook.com/RealCoSA,https://www.instagram.com/realco_sa/,https://www.youtube.com/channel/UCiCUt-YIn1dih91xGtjK7hA
RESPOND Accelerator,RESPOND Accelerator,Accelerator,"Social impact, Healthcare, Education, Environment, Tech",2017,"Gary Riechert, Heather Hiscox, Aaron Horowitz","Buffalo, New York",Social impact startups,"Edulogic, Ecolectro, Probax, Zeptometrix",https://www.crunchbase.com/organization/respond-accelerator,https://pitchbook.com/profiles/accelerator/226526-77,https://twitter.com/respond_buffalo,https://www.linkedin.com/company/respond-accelerator/,https://www.facebook.com/respondaccelerator/,https://www.instagram.com/respondaccelerator/,https://www.youtube.com/channel/UCmIyFBR8gYfYq3qP5rQz5NQ
RIoT Startup Accelerator,RIoT Startup Accelerator,Accelerator,"Technology, Business, Social Entrepreneurship",Not available,"The accelerator is part of The Riot, which was co-founded by Chris Schultz and Barre Tanguis","New Orleans, Louisiana, United States",The Riot Accelerator is focused on supporting startups working on social innovation projects,"KREWE, an eyewear company that was featured on Shark Tank",Not available,https://pitchbook.com/profiles/accelerator/226976-16,https://twitter.com/theriotriot,https://www.linkedin.com/company/theriotriot/,https://www.facebook.com/theriotriot/,https://www.instagram.com/theriotriot/,Not available
Safe x Connected Cities Accelerator,Safe x Connected Cities Accelerator,Accelerator,Urban tech,2019,"Marcus Daniels, Ben Yoskovitz, Lauren Robinson, and Julien Smith","Toronto, Canada","Urban tech startups that address challenges faced by cities, including mobility, sustainability, and resilience","Acerta, Vayyar Imaging, ChargeLab",N/A,https://pitchbook.com/profiles/accelerator/231817-18,https://twitter.com/highlinebeta,https://www.linkedin.com/company/highline-beta/,https://www.facebook.com/highlinebeta/,https://www.instagram.com/highlinebeta/,https://www.youtube.com/channel/UC_ApU6vmvUq3xUZT9X8AtFg
Samex | B3: Focused Growth Accelerator,Samex | B3: Focused Growth Accelerator,Private,Cryptocurrency,2021,"Rashed Haq, Shariq Haq","London, United Kingdom",Cryptocurrency,N/A,https://www.crunchbase.com/organization/samex,https://pitchbook.com/profiles/company/536347-65,https://twitter.com/Samex_io,https://www.linkedin.com/company/samex-io,https://www.facebook.com/samexio/,https://www.instagram.com/samex_io/,N/A
Scale,Scale,Private,Venture Capital,2000,"Kate Mitchell, Rory O'Driscoll","Foster City, California, United States","Enterprise software, cloud infrastructure, AI and machine learning, cybersecurity","Box, Chef, CloudHealth, ExactTarget, HubSpot, JFrog, RingCentral, WalkMe, Zoom",https://www.crunchbase.com/organization/scale-venture-partners,https://pitchbook.com/profiles/investor/10761-31,https://twitter.com/ScaleVP,https://www.linkedin.com/company/scalevp/,https://www.facebook.com/ScaleVP/,https://www.instagram.com/scalevp/,https://www.youtube.com/channel/UC1jr5bdvH8n5W5gS6RTnfEw
SEA Change,SEA Change,0,0,0,0,0,0,0,0,0,0,0,0,0,0
Sente,Sente,Private,Startup Accelerator,2019,"Allen Taylor, Isaac Madan","San Francisco, California, United States","AI, Machine Learning, Robotics, Healthtech, Biotech, Deep Tech","Embodied, Strive Health, Varda Space Industries, Nanit",https://sente.link/sente-schema.json,https://pitchbook.com/profiles/accelerator/299736-86,https://twitter.com/senteaccel,https://www.linkedin.com/company/senteaccel/,https://www.facebook.com/senteaccel,https://www.instagram.com/senteaccel/,https://www.youtube.com/channel/UCJrh2QZt-5Z1FTAV13FRSmw
She Means Business Incubator,She Means Business Incubator,Private,Startup Incubator,2019,Nicole Valentine,"Chicago, Illinois, United States",Women-led startups,N/A,https://shemeansbusinessincubator.com/shemeansbusiness-schema.json,N/A,https://twitter.com/shemeansbizinc,https://www.linkedin.com/company/shemeansbusinessincubator/,https://www.facebook.com/shemeansbusinessincubator,https://www.instagram.com/shemeansbusinessincubator/,N/A
Sputnik ATX,Sputnik ATX,Private,Venture Capital,2017,"Oksana Malysheva, Joe Merrill","Austin, Texas, United States","Technology, Consumer Goods and Services, B2B SaaS","Latch, Revealix, AutoLend",https://www.crunchbase.com/organization/sputnik-atx,https://pitchbook.com/profiles/investor/233259-99,https://twitter.com/SputnikATX,https://www.linkedin.com/company/sputnik-atx/,https://www.facebook.com/SputnikATX/,https://www.instagram.com/sputnikatx/,https://www.youtube.com/channel/UCd30em6H4a4IX_Cm8lYYnAA
Start.coop,Start.coop,Accelerator,Cooperative,2017,"Greg Brodsky, Michael Palmieri","Burlington, Vermont, United States",Cooperative Enterprises,"AgSquared, CERO, Cobblestone, Fortua Financial, MyVillage",https://www.start.coop/data/start/,https://pitchbook.com/profiles/ac...,https://twitter.com/startdotcoop,https://www.linkedin.com/company/start-coop/,https://www.facebook.com/start.coop/,https://www.instagram.com/start.coop/,https://www.youtube.com/channel/UCZfEej-kq3n4etP4oEpRGzg
StartFast Ventures,StartFast Ventures,Accelerator,Tech,2011,Chuck Stormon,"Syracuse, NY",Tech,Dropsource,NA,https://pitchbook.com/profiles/c...,https://twitter.com/startfastvc,https://www.linkedin.com/company/s...,https://www.facebook.com/startfas...,https://www.instagram.com/startfa...,NA
Startup Haven,Startup Haven,Nonprofit,Incubator,2007,"Mark Milstein, Matt Abrams","Seattle, WA",Legal and financial resources,"Mighty AI, Usermind, Ripl",https://www.crunchbase.com/organization/startup-haven,https://pitchbook.com/profiles/organization/118270-77,https://twitter.com/startuphaven,https://www.linkedin.com/company/startup-haven,https://www.facebook.com/StartupHaven,https://www.instagram.com/startuphaven/,https://www.youtube.com/c/StartupHaven
Startup Studio by Mozilla Builders Incubator,Startup Studio by Mozilla Builders Incubator,Accelerator,Technology,2020,Mozilla,"Mountain View, California, United States","Artificial intelligence, Open source","Phonon AI, Speechly, WeiFund",https://www.mozilla.org/en-US/ac/mozilla-builders/,https://pitchbook.com/profiles/accelerator/439029-23,https://twitter.com/mozillabuilders,https://www.linkedin.com/company/mozilla-builders/,https://www.facebook.com/MozillaBuilders/,https://www.instagram.com/mozillabuilders/,https://www.youtube.com/channel/UCvn_LM1SiNQRcZI9XAJ12Sw
Startups Unplugged,Startups Unplugged,Nonprofit,Accelerator,2019,Charles Mphande,"Lusaka, Zambia","Business development,","Agro Innova, Bidigreen",https://www.crunchbase.com/organization/startups-unplugged,https://pitchbook.com/profiles/organization/280273-77,https://twitter.com/StartupsUnplugd,https://www.linkedin.com/company/startups-unplugged/,https://www.facebook.com/startupsunpluggedzambia/,https://www.instagram.com/startupsunplugged/,https://www.youtube.com/channel/UCc-VNYA28o0QIQoZgZWdwpg
StudioAlpha,StudioAlpha,0,0,0,0,0,0,0,0,0,0,0,0,0,0
Steel Bridge Labs,Steel Bridge Labs,Private,Financial Services,2017,"William Baxter, Rich Fatzinger","Philadelphia, Pennsylvania, United States",Financial technology and innovation,NA,https://www.crunchbase.com/organization/steelbridge-labs,https://pitchbook.com/profiles/investor/234969-70,https://twitter.com/SteelBridgeLabs,https://www.linkedin.com/company/steelbridge-labs/,https://www.facebook.com/steelbridgelabs/,https://www.instagram.com/steelbridgelabs/,https://www.youtube.com/channel/UCmL0bAlfm0Egs1VWtKzv0GQ
Sunryse,Sunryse,Private,Clean energy,2017,Nick Boyle,"London, United Kingdom","Energy, Sustainability",N/A,https://www.crunchbase.com/organization/sunryse,https://pitchbook.com/profiles/company/315990-43,https://twitter.com/SunryseIO,https://www.linkedin.com/company/sunryseio/,https://www.facebook.com/SunryseIO/,https://www.instagram.com/sunryseio/,https://www.youtube.com/channel/UCfZPl7sLsYnZB7VZ46kvC_w
Tandem Capital,Tandem Capital,Venture Capital,Technology,2018,Sunil Nagaraj,"San Francisco, California, United States",N/A,"CryptoMove, Memority",https://www.crunchbase.com/organization/tandem-capital,https://pitchbook.com/profiles/investor/413571-50,https://twitter.com/TandemCapital,https://www.linkedin.com/company/tandem-capital,N/A,N/A,N/A
Tech South Incubator,Tech South Incubator,Private,Technology,2020,N/A,"Birmingham, Alabama, United States","Technology, Innovation",N/A,https://www.crunchbase.com/organization/tech-south,https://pitchbook.com/profiles/company/509334-52,https://twitter.com/TechSouthNews,https://www.linkedin.com/company/tech-south-inc/,https://www.facebook.com/TechSouthNews/,https://www.instagram.com/techsouthnews/,https://www.youtube.com/channel/UCJpLZV7q3meJDKFNvry_Rog
Technori,Technori,Private,Technology,2010,Seth Kravitz,"Chicago, Illinois, United States","Technology, Entrepreneurship","Cameo, G2 Crowd, IfOnly, SpotHero",https://www.crunchbase.com/organization/technori,https://pitchbook.com/profiles/company/55711-20,https://twitter.com/technori,https://www.linkedin.com/company/technori/,https://www.facebook.com/technori/,https://www.instagram.com/technorihq/,https://www.youtube.com/channel/UCpxh6OChpJSfuiocKkMfqLg
Ten50,Ten50,Private,Computer Software,2017,"David Greschler, Daniel Beveridge, Janelle Matthews","Seattle, Washington, United States","Kubernetes, cloud-native, DevOps, security",N/A,https://www.crunchbase.com/organization/ten50,https://pitchbook.com/profiles/company/253232-38,https://twitter.com/ten50hq,https://www.linkedin.com/company/ten50hq,https://www.facebook.com/ten50hq,https://www.instagram.com/ten50hq/,N/A
Tenor Partners,Tenor Partners,Private,Consulting,2003,"Amy Shields, David Schonthal","Chicago, Illinois, United States",N/A,N/A,https://www.crunchbase.com/organization/tenor-partners,https://pitchbook.com/profiles/advisor/56425-11,https://twitter.com/TenorPartners,https://www.linkedin.com/company/tenor-partners/,https://www.facebook.com/TenorPartners/,https://www.instagram.com/tenorpartners/,https://www.youtube.com/channel/UC-b0La1kngwRvAswpS5A8EA
The Refiners,The Refiners,Private,Venture Capital,2016,"Carlos Diaz, Geraldine Le Meur, Pierre Gaubil","San Francisco, California, United States","Technology, Entrepreneurship","LifeX, Apiax, Rockmass Technologies, Mokka Technologies",https://www.crunchbase.com/organization/the-refiners,https://pitchbook.com/profiles/investor/182056-53,https://twitter.com/therefiners,https://www.linkedin.com/company/therefiners/,https://www.facebook.com/TheRefinersVC/,https://www.instagram.com/therefinersvc/,https://www.youtube.com/channel/UCsGVsHsDmBLyKFnLV9g_8Kg
The Western Union Accelerator,The Western Union Accelerator,Private,Accelerator,2006,"David Cohen, Brad Feld, Jared Polis, David Brown","Boulder, Colorado, United States","Financial technology, Money transfer, Cross-border payments, Customer experience","SendGrid, DigitalOcean, ClassPass, DataRobot",https://www.crunchbase.com/organization/techstars,https://pitchbook.com/profiles/accelerator/42417-89,https://twitter.com/techstars,https://www.linkedin.com/company/techstars/,https://www.facebook.com/Techstars/,https://www.instagram.com/techstars/,https://www.youtube.com/user/techstars
UC Berkeley Le Bridge,UC Berkeley Le Bridge,Private,Accelerator,2014,"Thibault Duchemin, Cédric Mao, Fabrice Mauléon","Paris, France","Entrepreneurship, Innovation, Technology","Allset, Happydemics, Utocat",https://www.crunchbase.com/organization/the-schoolab,https://pitchbook.com/profiles/accelerator/179149-28,https://twitter.com/theschoolab,https://www.linkedin.com/company/the-schoolab/,https://www.facebook.com/TheSchoolab/,https://www.instagram.com/theschoolab/,https://www.youtube.com/channel/UC14vZtn_3TRF9La0A0DNjKA
Transcend Network Fellowship,Transcend Network Fellowship,Fellowship,Entrepreneurship,2017,"Ryan Singh, Konstantin Glasmacher","New York, United States","Social Impact, Entrepreneurship",na,N/A,N/A,https://twitter.com/transcendfv,https://www.linkedin.com/company/transcendfellowship/,https://www.facebook.com/transcendfellowship,https://www.instagram.com/transcendfellowship/,https://www.youtube.com/channel/UCzzGZPMpjAONNPS1WB6z5fg
Vena Vitals,Vena Vitals,Private,Healthcare,2017,"Ajit Pai, Swati Rai","San Diego, California, United States","Healthcare, Medical Devices",N/A,https://evonexus.org/evonexus-companies/vena-vitals/,https://pitchbook.com/profiles/company/236529-59,https://twitter.com/VenaVitals,https://www.linkedin.com/company/vena-vitals/,https://www.facebook.com/VenaVitals,https://www.instagram.com/venavitals/,https://www.youtube.com/channel/UC41EyxuFy9M32px7awOxv6w
Venture Out,Venture Out,Private,Technology,2012,Brian Frumberg,"New York, New York, United States","Technology, B2B, SaaS, Mobile, FinTech","Noom, Happify, Signpost, Zocdoc",https://ventureoutstartups.com/,https://pitchbook.com/profiles/firm/181800-71,https://twitter.com/ventureoutny,https://www.linkedin.com/company/ventureoutny/,https://www.facebook.com/VentureOutNY,https://www.instagram.com/ventureoutny/,https://www.youtube.com/channel/UCUxFRlUfuvyP33e6i15-hww
Venture Lane Studio,Venture Lane Studio,Private,Startup Studio,2018,"Christian Magel, Sarah Downey","Boston, Massachusetts, United States","B2B, SaaS, Marketplace, HealthTech, EdTech","Piffle, Pliant Therapeutics, Percipient.ai",https://theventurelane.com/studio/,https://pitchbook.com/profiles/investor/434919-38,https://twitter.com/TheVentureLane,https://www.linkedin.com/company/theventurelane/,https://www.facebook.com/TheVentureLane,https://www.instagram.com/theventurelane/,https://www.youtube.com/channel/UC7VnWf1uS-vVlAIkPihS8Mg
VenturePad Impact Accelerator,VenturePad Impact Accelerator,Private,"Coworking, Accelerator",2017,"Chris Yalonis, Ali Shanti","San Rafael, California, United States","Sustainable Business, Social Impact, CleanTech","VINEBOX, CleanFund, 4th & Heart",https://www.venturepad.works/accelerator,https://pitchbook.com/profiles/company/236542-08,https://twitter.com/VenturePadWorks,https://www.linkedin.com/company/venturepadworks/,https://www.facebook.com/venturepadworks,https://www.instagram.com/venturepadworks/,https://www.youtube.com/channel/UC_7r0xg1Lr7gDm09wQV7fHg
Village88 TechLab,Village88 TechLab,Private,"Incubator, Accelerator",2014,"Raju Shah, Amy Tong, Khanh Tran","San Jose, California, United States","Artificial Intelligence, Robotics, Autonomous Systems, Internet of Things (IoT)","Nautilus Data Technologies, SmartEar",http://techlab.village88.com/,N/A,https://twitter.com/techlabic,https://www.linkedin.com/company/techlab-innovation-center/,https://www.facebook.com/TechLab-Innovation-Center-747417632036319,https://www.instagram.com/techlabic/,https://www.youtube.com/channel/UCQdp_2JndKg8ntzWuZvD1kw
Women's Startup Academy,Women's Startup Academy,Accelerator,Technology,2018,"Sergio Paluch, Kimmy Paluch","Salt Lake City, Utah, United States","SaaS, Consumer Internet, Mobile, Healthtech, Fintech","Airfordable, HireHer",https://www.crunchbase.com/organization/beta-boom,https://pitchbook.com/profiles/accelerator/267275-94,https://twitter.com/betaboomhq,https://www.linkedin.com/company/beta-boom/,https://www.facebook.com/betaboomhq/,https://www.instagram.com/betaboomhq/,https://www.youtube.com/channel/UC2wF5a5YCrYH9p1Z8jj-NWg
Year of the Startup,Year of the Startup,Accelerator,Technology,2012,"Brad Feld, Dave Mayer","Boulder, Colorado, United States",Technology startups,"SendGrid, Occipital, Sphero",https://www.crunchbase.com/organization/year-of-the-startup,https://pitchbook.com/profiles/accelerator/55122-27,https://twitter.com/yearofthestart,https://www.linkedin.com/company/year-of-the-startup,https://www.facebook.com/yearofthestartup,https://www.instagram.com/yearofthestartup/,https://www.youtube.com/channel/UCv3X6A0YIyzqmMJWw8h-oYA
Yield Lab,Yield Lab,Accelerator,Agriculture,2014,"Brian Clevinger, Thad Simons, Ryan Rakestraw, Will Burke","St. Louis, Missouri, United States","Agtech, Foodtech","ApisProtect, Herdwatch",https://www.crunchbase.com/organization/the-yield-lab,https://pitchbook.com/profiles/accelerator/150456-27,https://twitter.com/YieldLab,https://www.linkedin.com/company/yield-lab-agritech/,https://www.facebook.com/TheYieldLab/,https://www.instagram.com/yieldlab/,https://www.youtube.com/channel/UCcBO5e5MGtIGvMNjnoKd8tw
